id_municipio,nome,sigla_uf,idhm_e,idhm_r,renda_pc,indice_gini,prop_pobreza,taxa_analfabetismo_15_mais,expectativa_anos_estudo,taxa_desocupacao,ideb
2100055,Açailândia,MA,0.602,0.643,438.56,0.56,25.17,17.69,9.34,11.69,3.8
2100105,Afonso Cunha,MA,0.434,0.471,149.78,0.59,66.8,34.64,8.62,13.3,2.9
2100154,Água Doce do Maranhão,MA,0.363,0.494,172.55,0.59,59.52,36.03,8.07,6.93,3.9
2100204,Alcântara,MA,0.475,0.525,209.27,0.59,54.48,22.44,8.21,7.82,3.4
2100303,Aldeias Altas,MA,0.374,0.5,179.92,0.59,60.07,37.68,6.68,11.18,2.9
2100402,Altamira do Maranhão,MA,0.473,0.486,164.24,0.52,55.51,32.98,8.75,7.17,3
2100436,Alto Alegre do Maranhão,MA,0.444,0.516,198.43,0.51,50.64,29.28,8.64,12.05,3.1
2100477,Alto Alegre do Pindaré,MA,0.483,0.465,144.91,0.57,64.61,32.25,9.8,10.25,3.7
2100501,Alto Parnaíba,MA,0.474,0.683,559.61,0.78,43.32,21.22,9.58,14.27,3.4
2100550,Amapá do Maranhão,MA,0.406,0.503,182.63,0.57,58.52,33.27,8.36,9.66,2.8
2100600,Amarante do Maranhão,MA,0.441,0.541,231.79,0.59,50,28.41,8.21,5.86,3
2100709,Anajatuba,MA,0.492,0.523,207.65,0.6,55.32,27.31,9.18,9.21,2.9
2100808,Anapurus,MA,0.502,0.511,19.28,0.54,54.45,2.99,10.1,7.87,3.3
2100832,Apicum-Açu,MA,0.483,0.529,215.17,0.52,51.98,18.69,9.68,3.04,3.2
2100873,Araguanã,MA,0.444,0.483,161.57,0.52,60.27,28.15,9.47,6.03,3
2100907,Araioses,MA,0.402,0.497,175.81,0.59,57.65,3.37,8.91,8.13,3
2100956,Arame,MA,0.365,0.525,210.09,0.72,64.91,33.02,6.87,8.31,3.4
2101004,Arari,MA,0.546,0.587,308.83,0.57,38.56,22.02,9.4,7.04,3.5
2101103,Axixá,MA,0.634,0.535,223.51,0.54,49.2,16.37,9.61,5.89,3.4
2101202,Bacabal,MA,0.591,0.619,375.57,0.55,29.79,2.14,9.79,8.47,3.4
2101251,Bacabeira,MA,0.58,0.558,25.74,0.54,41.72,1.83,9.44,10.48,3.3
2101301,Bacuri,MA,0.484,0.54,230.45,0.58,50.78,23.66,10.52,7.3,2.4
2101350,Bacurituba,MA,0.479,0.474,152.38,0.55,61.9,2.39,10.41,8.13,3.5
2101400,Balsas,MA,0.597,0.674,53.16,0.58,21.22,12.92,9.55,7.32,3.2
2101509,Barão de Grajaú,MA,0.484,0.578,292.55,0.52,37.68,2.27,8.82,8.01,4.1
2101608,Barra do Corda,MA,0.498,0.585,305.61,0.62,44.97,27.71,8.95,7.84,3.4
2101707,Barreirinhas,MA,0.479,0.515,197.08,0.61,55.65,25.37,9.11,7.11,3.2
2101731,Belágua,MA,0.455,0.417,107.14,0.63,74.85,3.92,8.06,5.29,3
2101772,Bela Vista do Maranhão,MA,0.45,0.515,197.65,0.5,51.65,29.44,9.23,8.75,3.4
2101905,Bequimão,MA,0.561,0.51,190.84,0.55,52.52,24.22,8.61,7.22,3.5
2101939,Bernardo do Mearim,MA,0.547,0.544,236.18,0.47,39.67,26.78,10.84,4.2,4.6
2101970,Boa Vista do Gurupi,MA,0.461,0.515,196.78,0.52,54.35,23.74,9.38,6.88,2.6
2102002,Bom Jardim,MA,0.4,0.519,202.28,0.58,54.28,31.79,8.41,5.09,3.4
2102036,Bom Jesus das Selvas,MA,0.431,0.537,226.09,0.62,51.02,27.35,8.22,15.69,3.5
2102077,Bom Lugar,MA,0.493,0.486,164.44,0.49,56.36,32.11,8.96,24.06,2.9
2102101,Brejo,MA,0.454,0.517,200.25,0.64,59.4,29.92,8.53,7.25,3.1
2102200,Buriti,MA,0.48,0.479,157.21,0.63,65.31,30.27,10.14,7.01,3.1
2102309,Buriti Bravo,MA,0.506,0.539,229.21,0.55,46.58,30.42,9.04,6.65,4.2
2102325,Buriticupu,MA,0.455,0.533,220.64,0.6,54.68,2.69,8.72,9.71,3.3
2102358,Buritirana,MA,0.505,0.54,230.11,0.5,45.3,28.45,10.27,5.39,3
2102374,Cachoeira Grande,MA,0.476,0.422,110.65,0.57,73.88,30.41,8.74,5.78,2.8
2102408,Cajapió,MA,0.505,0.466,145.01,0.57,64.11,25.58,9.02,9.74,2.8
2102507,Cajari,MA,0.421,0.456,136.39,0.63,68.86,21.74,7.61,4.02,3.4
2102556,Campestre do Maranhão,MA,0.586,0.611,3.58,0.48,21.72,21.26,9.91,9.75,3
2102606,Cândido Mendes,MA,0.456,0.52,203.94,0.58,56.3,2.14,8.83,4.11,3.3
2102705,Cantanhede,MA,0.468,0.497,176.61,0.6,62.19,28.86,8.83,12.52,2.6
2102754,Capinzal do Norte,MA,0.43,0.517,200.15,0.57,54.55,32.19,8.35,4.63,3.2
2102804,Carolina,MA,0.529,0.6,334.51,0.55,34.22,15.13,8.76,5.78,3.4
2102903,Carutapera,MA,0.476,0.533,220.91,0.54,52,19.64,9.72,7.93,3.3
2103000,Caxias,MA,0.543,0.595,32.49,0.55,35.21,25.75,9.66,7.94,3.5
2103109,Cedral,MA,0.57,0.52,202.86,0.56,57.46,17.14,9.22,6.05,4.2
2103125,Central do Maranhão,MA,0.557,0.503,182.77,0.54,56.09,26.73,9.52,4.01,3.2
2103158,Centro do Guilherme,MA,0.442,0.51,190.58,0.56,51.92,2.88,8.19,4.75,2.4
2103174,Centro Novo do Maranhão,MA,0.382,0.508,188.88,0.56,53.65,25.34,7.66,10.88,3.3
2103208,Chapadinha,MA,0.517,0.554,251.75,0.59,48.38,25.42,8.72,8.09,3.3
2103257,Cidelândia,MA,0.529,0.562,263.53,0.47,36.27,24.29,9.67,5.89,3.5
2103307,Codó,MA,0.492,0.568,273.45,0.57,44.04,30.47,8.88,8.59,3.2
2103406,Coelho Neto,MA,0.454,0.544,236.47,0.54,47.3,28.95,8.28,11.11,3.4
2103505,Colinas,MA,0.524,0.571,279.81,0.63,48.71,29.83,9.2,6.84,2.9
2103554,Conceição do Lago-Açu,MA,0.37,0.492,170.79,0.51,58.58,34.88,8.15,2.36,3
2103604,Coroatá,MA,0.475,0.545,23.73,0.58,49.57,3.22,9.35,8.85,3.6
2103703,Cururupu,MA,0.525,0.568,274.39,0.58,44.54,17.41,10.08,6.2,3.5
2103752,Davinópolis,MA,0.535,0.561,263.12,0.45,34.77,25.01,9.61,6.77,3.6
2103802,Dom Pedro,MA,0.545,0.582,298.33,0.48,33.56,24.23,8.9,6.6,3.9
2103901,Duque Bacelar,MA,0.451,0.485,163.87,0.6,63.58,31.97,8.82,6.88,3.6
2104008,Esperantinópolis,MA,0.503,0.561,262.41,0.59,46.89,30.88,9.82,16.32,3.6
2104057,Estreito,MA,0.536,0.666,503.29,0.56,22.67,15.18,7.73,5.7,3.3
2104073,Feira Nova do Maranhão,MA,0.405,0.511,192.39,0.62,59.86,19.75,9.51,6,3.1
2104081,Fernando Falcão,MA,0.286,0.417,106.99,0.55,72.73,38.03,5.75,11.33,3.1
2104099,Formosa da Serra Negra,MA,0.459,0.485,163.15,0.63,62.31,18.49,8.1,9.9,3.7
2104107,Fortaleza dos Nogueiras,MA,0.534,0.566,27.16,0.53,38.76,15.94,8.65,10.74,3.9
2104206,Fortuna,MA,0.494,0.558,257.81,0.56,46.79,30.51,9.48,5.44,3.8
2104305,Godofredo Viana,MA,0.546,0.537,225.47,0.5,46.2,16.95,9.09,11.19,3.5
2104404,Gonçalves Dias,MA,0.445,0.542,23.32,0.59,53.83,34.75,8.86,4.78,2.9
2104503,Governador Archer,MA,0.481,0.545,237.47,0.55,47.57,31.48,9.3,7.31,3.5
2104552,Governador Edison Lobão,MA,0.552,0.589,312.56,0.46,28.48,19.63,9.52,12.64,3.5
2104602,Governador Eugênio Barros,MA,0.462,0.55,245.38,0.58,48.32,3.59,9.75,4.46,2.7
2104628,Governador Luiz Rocha,MA,0.459,0.508,188.68,0.55,52.7,30.85,9.35,4.36,3.2
2104651,Governador Newton Bello,MA,0.387,0.509,190.15,0.52,54.69,36.23,8.19,11.22,3
2104677,Governador Nunes Freire,MA,0.472,0.54,230.94,0.56,51.8,25.39,8.3,9.85,3.2
2104701,Graça Aranha,MA,0.459,0.538,227.51,0.53,46.2,3.01,8.55,8.94,3.9
2104800,Grajaú,MA,0.497,0.603,34.01,0.61,39.45,22.14,9.45,7.59,3.4
2104909,Guimarães,MA,0.592,0.535,223.14,0.56,50.94,15.79,9.84,4.28,3.4
2105005,Humberto de Campos,MA,0.455,0.443,125.91,0.64,71.22,2.36,9.46,10.55,2.7
2105104,Icatu,MA,0.472,0.475,154.09,0.59,63.72,22.13,9.75,15.39,3.6
2105153,Igarapé do Meio,MA,0.506,0.53,216.25,0.5,45.84,2.84,9.02,9.26,3.4
2105203,Igarapé Grande,MA,0.536,0.578,292.16,0.52,36.57,28.55,9.96,4.37,3.9
2105302,Imperatriz,MA,0.698,0.697,613.87,0.56,14.35,10.87,9.9,8.39,4
2105351,Itaipava do Grajaú,MA,0.419,0.456,136.77,0.55,64.21,34.13,8.82,13.75,2.7
2105401,Itapecuru Mirim,MA,0.539,0.534,221.87,0.56,49.69,27.09,9.59,6.68,3.3
2105427,Itinga do Maranhão,MA,0.545,0.601,336.91,0.52,32.08,23.48,9.42,8.68,3.5
2105450,Jatobá,MA,0.481,0.522,206.58,0.57,52.13,3.24,10.14,8.73,2.2
2105476,Jenipapo dos Vieiras,MA,0.346,0.445,127.24,0.67,70.33,34.07,6.75,4.61,3.1
2105500,João Lisboa,MA,0.573,0.585,303.91,0.44,27.23,22.32,9.35,7.75,4
2105609,Joselândia,MA,0.445,0.533,221.23,0.57,53.44,33.69,9.33,3.31,2.8
2105658,Junco do Maranhão,MA,0.443,0.55,244.54,0.52,47.05,27.16,9.08,3.18,3
2105708,Lago da Pedra,MA,0.502,0.561,263.13,0.55,43.06,30.58,9.53,6.91,3
2105807,Lago do Junco,MA,0.492,0.537,226.69,0.6,55.4,32.97,9.78,7.26,3.3
2105906,Lago Verde,MA,0.466,0.508,188.31,0.51,53.97,33.02,8.54,4.45,3
2105922,Lagoa do Mato,MA,0.475,0.525,210.29,0.52,48.76,33.04,9.52,5.64,4.1
2105948,Lago dos Rodrigues,MA,0.534,0.555,252.89,0.47,39.36,30.06,10.19,2.51,3.6
2105963,Lagoa Grande do Maranhão,MA,0.36,0.48,15.83,0.54,60.75,35.34,8.03,5.43,2.7
2105989,Lajeado Novo,MA,0.494,0.561,26.32,0.6,48.2,18.57,10.02,6.66,3.3
2106003,Lima Campos,MA,0.481,0.578,292.37,0.56,40.87,31.05,9.05,3.19,3
2106102,Loreto,MA,0.495,0.516,198.73,0.54,49.97,22.29,10.11,6.03,3.8
2106201,Luís Domingues,MA,0.512,0.541,232.06,0.6,53.38,19.44,9.13,3.14,3.5
2106300,Magalhães de Almeida,MA,0.499,0.502,181.73,0.59,57.66,30.45,9.19,11.66,3.6
2106359,Marajá do Sena,MA,0.299,0.4,96.25,0.62,78.23,39.98,6.62,16.7,2.6
2106375,Maranhãozinho,MA,0.465,0.497,176.36,0.51,54.95,27.58,8.5,11.08,4.2
2106409,Mata Roma,MA,0.494,0.483,161.49,0.57,58.31,28.48,9.4,8.3,2.8
2106607,Matões,MA,0.434,0.519,202.66,0.56,54.04,35.77,8.9,4.18,3.2
2106672,Milagres do Maranhão,MA,0.413,0.465,144.42,0.54,64.26,35.38,8.51,15.83,2.8
2106706,Mirador,MA,0.451,0.485,163.97,0.64,64.64,29.53,8.47,5.71,2.8
2106805,Mirinzal,MA,0.582,0.546,2.39,0.51,43.11,1.67,10.8,8.32,3.3
2106904,Monção,MA,0.464,0.499,17.81,0.52,55.01,27.56,8.76,4.5,2.7
2107001,Montes Altos,MA,0.486,0.534,221.57,0.56,47.9,19.77,8.64,13.15,3.5
2107100,Morros,MA,0.48,0.485,164.07,0.58,62.65,29.78,8.17,5.81,3
2107209,Nina Rodrigues,MA,0.547,0.474,152.75,0.62,66.3,28.43,8.98,7.03,3.2
2107258,Nova Colinas,MA,0.481,0.502,181.59,0.54,53.7,22.53,8.53,9.55,3.9
2107308,Nova Iorque,MA,0.489,0.558,257.61,0.53,41.97,3.08,10.08,6.08,3
2107357,Nova Olinda do Maranhão,MA,0.484,0.536,225.16,0.47,43.72,27.87,9.59,6.51,3.8
2107407,Olho d'Água das Cunhãs,MA,0.491,0.551,247.36,0.53,43.49,34.43,9.27,2.92,3.1
2107456,Olinda Nova do Maranhão,MA,0.531,0.495,173.63,0.6,60.42,25.88,9.61,8,2.9
2107506,Paço do Lumiar,MA,0.739,0.646,44.45,0.49,19.04,5.76,9.84,11.02,3.9
2107605,Palmeirândia,MA,0.492,0.488,167.06,0.57,60.2,26.15,9.49,5.15,3.8
2107704,Paraibano,MA,0.473,0.572,281.23,0.54,41.77,30.64,9.2,9.31,2.8
2107803,Parnarama,MA,0.416,0.504,18.38,0.55,54.7,35.89,8.34,8.35,3.4
2107902,Passagem Franca,MA,0.401,0.525,21.04,0.55,50.54,35.41,8.15,9.81,3
2108009,Pastos Bons,MA,0.559,0.54,230.94,0.55,47.87,24.41,10.14,5.27,3.4
2108058,Paulino Neves,MA,0.511,0.481,159.46,0.62,63.86,30.06,10.11,4.09,3
2108108,Paulo Ramos,MA,0.447,0.546,239.23,0.58,49.3,36.33,9.12,8.42,2.9
2108207,Pedreiras,MA,0.621,0.644,441.42,0.59,28.4,19.23,10.04,9.27,3.5
2108256,Pedro do Rosário,MA,0.415,0.475,1.54,0.58,64.9,28.65,8.36,5.75,3.5
2108306,Penalva,MA,0.472,0.519,201.99,0.51,48.09,2.08,8.56,6.13,3.2
2108405,Peri Mirim,MA,0.572,0.506,186.95,0.53,51.21,22.49,10.26,7.88,3.1
2108454,Peritoró,MA,0.464,0.499,178.51,0.6,61.02,36.67,9.24,15.32,2.7
2108504,Pindaré-Mirim,MA,0.592,0.568,274.84,0.51,42.06,20.06,9.83,7.92,3.7
2108603,Pinheiro,MA,0.579,0.579,292.88,0.51,36.43,1.78,9.67,5.99,3.9
2108702,Pio XII,MA,0.408,0.535,223.37,0.53,47.24,3.15,7.93,5.34,3.6
2108801,Pirapemas,MA,0.514,0.501,181.05,0.6,59.87,30.09,9.97,5.73,3.2
2108900,Poção de Pedras,MA,0.481,0.543,234.72,0.54,46.16,31.61,9.97,4.37,3.3
2109007,Porto Franco,MA,0.606,0.664,497.56,0.57,23.3,1.54,9.46,8.66,4.2
2109056,Porto Rico do Maranhão,MA,0.561,0.538,227.87,0.52,49.64,15.45,10.29,0.65,3.2
2109106,Presidente Dutra,MA,0.563,0.628,398.15,0.56,28.8,21.59,9.53,6.35,3.6
2109205,Presidente Juscelino,MA,0.532,0.452,133.03,0.61,68.31,28.34,8.53,12.96,3.5
2109239,Presidente Médici,MA,0.522,0.518,201.15,0.52,50.95,25.72,9.44,8.49,3.1
2109270,Presidente Sarney,MA,0.472,0.486,164.13,0.51,55.46,30.36,9.5,4.84,3.1
2109304,Presidente Vargas,MA,0.56,0.47,149.19,0.61,63.81,28.75,10.14,6.6,2.9
2109403,Primeira Cruz,MA,0.414,0.448,129.85,0.6,71.42,26.12,8.69,3.97,2.6
2109452,Raposa,MA,0.587,0.568,2.74,0.48,33.44,15.27,9.67,11.31,3.4
2109502,Riachão,MA,0.442,0.572,281.53,0.6,46.22,20.09,9.4,7.07,3.1
2109551,Ribamar Fiquene,MA,0.527,0.592,317.75,0.57,36.86,21.84,8.62,21.55,3.7
2109601,Rosário,MA,0.592,0.566,271.65,0.51,39.7,1.81,9.84,10.94,3.3
2109700,Sambaíba,MA,0.456,0.542,233.92,0.55,49.23,22.05,9.24,8.01,2.9
2109759,Santa Filomena do Maranhão,MA,0.435,0.461,140.76,0.58,66.16,3.15,9.56,18.67,3
2109809,Santa Helena,MA,0.471,0.531,217.94,0.5,46.24,22.82,8.53,9.45,2.7
2109908,Santa Inês,MA,0.615,0.633,411.04,0.53,24.38,17.59,10.18,8.9,3.6
2110005,Santa Luzia,MA,0.452,0.525,21.03,0.58,51.91,3.33,9.55,6.08,3.3
2110039,Santa Luzia do Paruá,MA,0.51,0.583,301.39,0.52,36.28,23.86,9.14,7.81,3.4
2110104,Santa Quitéria do Maranhão,MA,0.458,0.49,168.77,0.51,57.13,32.83,8.34,6.97,3.2
2110203,Santa Rita,MA,0.551,0.553,249.26,0.53,44.19,22.12,9.54,10.87,3.3
2110237,Santana do Maranhão,MA,0.394,0.445,127.77,0.57,70.94,34.33,8.03,15.11,3.3
2110278,Santo Amaro do Maranhão,MA,0.416,0.454,135.04,0.62,69.53,24.54,7.95,5.88,2.7
2110302,Santo Antônio dos Lopes,MA,0.465,0.547,24.02,0.57,47.84,30.57,8.51,8.43,3
2110401,São Benedito do Rio Preto,MA,0.452,0.468,147.34,0.62,66.57,31.01,8.91,6.43,2.7
2110500,São Bento,MA,0.545,0.525,210.47,0.55,52.46,19.71,9.04,11.32,3.4
2110609,São Bernardo,MA,0.479,0.514,196.57,0.59,55.34,29.24,8.96,8.04,3.3
2110658,São Domingos do Azeitão,MA,0.486,0.576,288.68,0.69,52.93,29.99,6.97,9.33,3.5
2110708,São Domingos do Maranhão,MA,0.504,0.549,243.74,0.6,49.91,27.83,9.6,4.64,3.1
2110807,São Félix de Balsas,MA,0.43,0.517,199.47,0.57,55.13,29.59,8.25,6.31,3.3
2110856,São Francisco do Brejão,MA,0.479,0.556,253.78,0.51,39.42,26.65,9.12,7.46,3
2110906,São Francisco do Maranhão,MA,0.4,0.503,182.63,0.57,54.8,36.08,8.61,2.59,2.8
2111003,São João Batista,MA,0.577,0.493,171.53,0.63,61.22,22.03,9.76,10.85,3.1
2111029,São João do Carú,MA,0.397,0.487,165.38,0.53,56.58,34.87,7.91,5.99,3.6
2111052,São João do Paraíso,MA,0.542,0.554,251.04,0.53,43.8,21.15,9.37,3.17,2.9
2111078,São João do Soter,MA,0.401,0.486,16.51,0.52,59.16,39.71,8.72,3.86,2.6
2111102,São João dos Patos,MA,0.522,0.613,362.47,0.56,32.44,24.13,8.79,6.72,3.6
2111201,São José de Ribamar,MA,0.7,0.642,43.54,0.51,20.24,67,10.21,12.32,3.8
2111250,São José dos Basílios,MA,0.48,0.501,180.77,0.55,54.45,32.47,9.21,4.37,2.8
2111300,São Luís,MA,0.752,0.741,805.36,0.61,13.81,4.65,9.84,12.48,3.9
2111409,São Luís Gonzaga do Maranhão,MA,0.438,0.503,182.83,0.55,55.21,35.51,8.56,4.05,3.5
2111508,São Mateus do Maranhão,MA,0.515,0.627,396.29,0.68,42.03,31.39,9.58,12.89,2.9
2111573,São Pedro dos Crentes,MA,0.524,0.558,257.76,0.51,40.81,1.91,9.85,4.24,3.2
2111607,São Raimundo das Mangabeiras,MA,0.521,0.583,301.25,0.55,38.95,20.24,9.38,8.89,3.5
2111631,São Raimundo do Doca Bezerra,MA,0.41,0.478,15.64,0.54,58.8,38.05,8.39,3.01,2.7
2111706,São Vicente Ferrer,MA,0.541,0.504,184.71,0.62,57.66,26.28,8.82,5.11,3
2111722,Satubinha,MA,0.369,0.45,131.73,0.58,69.89,30.35,7.71,2.35,3.3
2111748,Senador Alexandre Costa,MA,0.435,0.52,203.17,0.51,47.2,34.08,7.99,5.49,2.7
2111763,Senador La Rocque,MA,0.515,0.57,277.19,0.53,40.06,29.58,9.03,8.06,3.4
2111789,Serrano do Maranhão,MA,0.433,0.44,123.44,0.59,71.98,32.56,8.89,6.02,2.8
2111805,Sítio Novo,MA,0.456,0.509,190.06,0.59,58.69,20.95,7.92,2.35,3.1
2111904,Sucupira do Norte,MA,0.505,0.526,210.88,0.59,56.71,25.86,9.46,6.48,3.2
2111953,Sucupira do Riachão,MA,0.447,0.538,226.96,0.51,44.48,32.99,9.29,2.7,2.6
2112001,Tasso Fragoso,MA,0.491,0.562,264.76,0.58,43.65,1.78,9.53,7.31,2.9
2112100,Timbiras,MA,0.427,0.498,177.46,0.62,62.89,37.82,8.57,5.78,3.3
2112209,Timon,MA,0.579,0.614,365.26,0.5,25.6,17.26,9.46,8.08,3.4
2112233,Trizidela do Vale,MA,0.534,0.565,269.74,0.46,33.33,24.81,9.69,5.37,3.7
2112274,Tufilândia,MA,0.481,0.502,181.75,0.48,50.52,34.12,9.47,8.7,3.6
2112308,Tuntum,MA,0.483,0.534,221.27,0.57,51.89,29.84,9.06,6.53,3.1
2112407,Turiaçu,MA,0.461,0.493,17.15,0.59,59.12,24.84,8.65,8.76,3.1
2112456,Turilândia,MA,0.402,0.495,174.09,0.52,57.75,30.36,7.09,6.93,2.6
2112506,Tutóia,MA,0.451,0.543,235.35,0.56,48.27,28.94,9.02,4.34,3.3
2112605,Urbano Santos,MA,0.522,0.506,186.07,0.6,58.13,30,9.71,7.22,2.7
2112704,Vargem Grande,MA,0.425,0.487,165.37,0.59,63.72,32.02,7.77,12.95,3.5
2112803,Viana,MA,0.548,0.567,272.76,0.57,44.43,17.79,8.92,5.81,3.1
2112852,Vila Nova dos Martírios,MA,0.491,0.555,252.89,0.45,36.31,28.17,8.33,10.04,3.1
2112902,Vitória do Mearim,MA,0.534,0.54,230.76,0.56,48.81,25.05,10.22,5.73,3.4
2113009,Vitorino Freire,MA,0.477,0.563,265.69,0.57,44.92,32.75,9.57,4.88,3.2
2114007,Zé Doca,MA,0.505,0.559,259.21,0.52,41.2,24.21,9.59,7.1,3.4
2200103,Agricolândia,PI,0.526,0.55,245.68,0.49,41.1,27.47,9.98,4.08,4.1
2200202,Água Branca,PI,0.569,0.6,335.63,0.49,30.26,24.14,9.67,6.5,4.1
2200277,Alegrete do Piauí,PI,0.475,0.564,268.12,0.5,39.16,35.26,8.69,15.84,4.2
2200301,Alto Longá,PI,0.47,0.567,272.28,0.58,43.49,32.83,8.22,5.32,3.5
2200400,Altos,PI,0.512,0.59,314.48,0.55,36.67,26.04,9.35,6.83,3.8
2200459,Alvorada do Gurguéia,PI,0.496,0.52,203.23,0.6,56.77,2.58,9.14,10.91,3.3
2200509,Amarante,PI,0.497,0.574,284.71,0.53,38.76,27.95,9.08,5.16,3
2200608,Angical do Piauí,PI,0.555,0.61,356.17,0.6,35.52,24.89,9.81,7.51,3.8
2200707,Anísio de Abreu,PI,0.512,0.534,221.91,0.52,48.41,29.18,9.11,8.21,3.2
2200806,Antônio Almeida,PI,0.527,0.579,293.53,0.51,33.76,2.48,10.34,13.19,3.4
2200905,Aroazes,PI,0.468,0.563,265.91,0.52,43.99,30.77,8.9,11.67,3.6
2201002,Arraial,PI,0.449,0.514,195.46,0.55,52.58,31.52,8.49,6.41,3.4
2201051,Assunção do Piauí,PI,0.382,0.462,141.79,0.57,63.17,39.32,8.31,25.79,2.9
2201101,Avelino Lopes,PI,0.442,0.532,218.97,0.56,50.65,23.12,8.75,13.81,3.3
2201150,Baixa Grande do Ribeiro,PI,0.446,0.537,225.94,0.56,47.37,20.62,7.88,15.44,3.3
2201176,Barra D'Alcântara,PI,0.471,0.526,211.18,0.51,47.56,31.12,9.25,9.49,3.1
2201200,Barras,PI,0.485,0.558,257.99,0.51,38.78,32.16,8.56,4.77,4.5
2201408,Barro Duro,PI,0.514,0.611,359.06,0.51,29.64,27.69,9.66,7.82,3.1
2201507,Batalha,PI,0.398,0.54,230.66,0.54,46.11,35.73,8.6,5.49,3.6
2201556,Bela Vista do Piauí,PI,0.519,0.52,203.61,0.59,53.46,22.61,10.21,6.65,3.3
2201572,Belém do Piauí,PI,0.448,0.537,226.26,0.53,43.41,36.69,9.39,8.08,3.9
2201606,Beneditinos,PI,0.394,0.561,263.09,0.55,46.15,32.71,8.3,2.45,4.2
2201705,Bertolínia,PI,0.507,0.596,325.94,0.53,32.82,24.93,10.09,12.29,4.4
2201739,Betânia do Piauí,PI,0.342,0.486,164.69,0.54,62.59,38.63,9.15,4.71,3.5
2201770,Boa Hora,PI,0.46,0.534,221.27,0.51,48.93,37.91,9.21,5.13,3
2201804,Bocaina,PI,0.532,0.614,366.07,0.58,34.28,22.86,10.07,7.65,4
2201903,Bom Jesus,PI,0.562,0.665,501.14,0.62,31.29,18.17,8.7,7.22,3.6
2201919,Bom Princípio do Piauí,PI,0.372,0.526,211.44,0.57,56.16,34.36,7.89,2.71,2.4
2201929,Bonfim do Piauí,PI,0.415,0.542,233.05,0.45,40.59,33.23,8.95,4.55,2.4
2201945,Boqueirão do Piauí,PI,0.434,0.555,25.34,0.5,40.01,3.28,9.55,8.51,3.4
2201960,Brasileira,PI,0.446,0.572,281.71,0.48,33.7,36.63,9.16,4.34,3.9
2201988,Brejo do Piauí,PI,0.354,0.531,218.15,0.52,49.09,38.08,8.21,7.44,3
2202000,Buriti dos Lopes,PI,0.452,0.544,236.13,0.54,48.71,29.63,8.84,9.27,3.5
2202026,Buriti dos Montes,PI,0.46,0.527,212.72,0.57,54.09,32.29,8.78,5.61,4.6
2202059,Cabeceiras do Piauí,PI,0.476,0.54,229.86,0.53,46.24,33.63,10.01,5.72,4.3
2202075,Cajazeiras do Piauí,PI,0.449,0.525,210.45,0.49,45.69,30.61,8.14,11.73,3.9
2202083,Cajueiro da Praia,PI,0.4,0.551,246.88,0.63,53.52,32.67,8.89,6.34,3.2
2202109,Campinas do Piauí,PI,0.397,0.524,2.09,0.55,52.21,27.68,7.99,3.58,3
2202117,Campo Alegre do Fidalgo,PI,0.385,0.528,213.61,0.65,60.3,32.83,8.49,41.93,2.1
2202133,Campo Grande do Piauí,PI,0.446,0.545,237.66,0.48,42.89,36.39,9.11,7.24,4.1
2202174,Campo Largo do Piauí,PI,0.401,0.479,158.02,0.54,61.88,38.09,7.94,2.86,2.9
2202208,Campo Maior,PI,0.566,0.629,401.74,0.53,26.73,22.12,9.69,8.64,4.2
2202307,Canto do Buriti,PI,0.462,0.571,279.71,0.52,39.77,29.69,8.14,10.45,3.4
2202406,Capitão de Campos,PI,0.465,0.552,248.79,0.51,41.95,31.42,8.94,4.41,3.8
2202455,Capitão Gervásio Oliveira,PI,0.464,0.503,182.53,0.56,54.85,31.92,8.6,5.3,3
2202505,Caracol,PI,0.409,0.533,221.08,0.62,53.68,35.34,7.4,10.17,3.1
2202539,Caraúbas do Piauí,PI,0.347,0.48,158.13,0.58,62.44,43.83,6.86,2.96,3.5
2202554,Caridade do Piauí,PI,0.426,0.52,203.34,0.53,49.1,32.22,8.55,9.67,2.9
2202604,Castelo do Piauí,PI,0.473,0.566,270.82,0.48,37.2,28.55,8.82,7.72,4.9
2202653,Caxingó,PI,0.329,0.498,177.35,0.52,56.8,43.76,7.68,5,3.8
2202703,Cocal,PI,0.334,0.516,198.58,0.56,55.61,35.77,7.56,5.36,3.2
2202711,Cocal de Telha,PI,0.399,0.55,245.15,0.51,40.86,3.34,8.41,11.87,3.8
2202729,Cocal dos Alves,PI,0.315,0.504,183.59,0.59,57.95,36.12,6.25,2.88,4.2
2202737,Coivaras,PI,0.453,0.543,234.94,0.48,41.27,31.74,8.56,4.31,3.8
2202752,Colônia do Gurguéia,PI,0.55,0.578,291.37,0.49,33.09,22.03,10.62,7.92,4.4
2202778,Colônia do Piauí,PI,0.462,0.57,277.73,0.51,38.35,34.89,9.09,3.26,3.4
2202802,Conceição do Canindé,PI,0.482,0.559,258.93,0.53,40.31,30.16,9.99,4.22,4.3
2202851,Coronel José Dias,PI,0.433,0.518,200.41,0.57,51.52,32.45,7.93,9.67,3.4
2202901,Corrente,PI,0.54,0.62,378.39,0.6,40.16,18.82,8.65,9.62,3.2
2203008,Cristalândia do Piauí,PI,0.469,0.521,204.49,0.61,58.48,25.81,7.76,7.08,3.4
2203107,Cristino Castro,PI,0.434,0.586,307.32,0.59,40.6,24.86,8.45,5.33,3.7
2203206,Curimatá,PI,0.527,0.574,285.52,0.55,40.77,18.46,9.22,7.01,2.7
2203255,Curralinhos,PI,0.438,0.512,193.65,0.53,54.34,31.07,7.69,8.51,3.7
2203271,Curral Novo do Piauí,PI,0.422,0.506,186.24,0.58,58.42,35.45,8.85,2.42,2.8
2203305,Demerval Lobão,PI,0.515,0.588,311.48,0.48,30.16,25.45,9.25,9.42,3.7
2203354,Dirceu Arcoverde,PI,0.436,0.563,26.53,0.52,40.47,28.81,8.45,7.25,3.4
2203404,Dom Expedito Lopes,PI,0.488,0.583,300.31,0.52,34.92,2.67,9.17,9.79,3.9
2203453,Dom Inocêncio,PI,0.439,0.498,177.27,0.54,54.71,25.05,9.36,3.38,3.8
2203503,Elesbão Veloso,PI,0.45,0.573,283.38,0.48,33.64,35.87,8.55,5.08,3.2
2203602,Eliseu Martins,PI,0.462,0.616,37.07,0.57,38.25,21.43,9.29,7.74,3.4
2203701,Esperantina,PI,0.497,0.579,293.39,0.51,37.61,29.18,8.91,6.26,3.4
2203750,Fartura do Piauí,PI,0.441,0.506,186.85,0.52,52.85,33.07,9.35,4.84,2.5
2203800,Flores do Piauí,PI,0.443,0.525,210.02,0.57,54.18,32.22,7.95,10.09,3.6
2203859,Floresta do Piauí,PI,0.391,0.53,216.87,0.51,48.47,40.51,8.82,5.54,4.2
2203909,Floriano,PI,0.633,0.676,53.63,0.55,18.98,13.18,9.59,6.81,4.3
2204006,Francinópolis,PI,0.475,0.523,206.73,0.56,50.52,34.26,8.99,15.55,3.2
2204154,Francisco Macedo,PI,0.425,0.567,273.23,0.5,37.41,36.33,9.74,15.3,3.1
2204204,Francisco Santos,PI,0.498,0.598,330.49,0.51,34.37,27.99,8.59,5.55,3.9
2204303,Fronteiras,PI,0.511,0.621,380.62,0.56,31.94,29.05,9.55,10.52,3.8
2204352,Geminiano,PI,0.446,0.524,208.67,0.46,42.66,34.95,8.67,8.29,4
2204402,Gilbués,PI,0.38,0.574,285.45,0.68,53.13,23,6.81,8.81,3.1
2204501,Guadalupe,PI,0.542,0.639,426.79,0.5,20.89,18.79,8.96,6.78,3.4
2204550,Guaribas,PI,0.381,0.483,162.06,0.57,59.67,34.84,7.6,12.71,2.6
2204600,Hugo Napoleão,PI,0.524,0.528,214.09,0.52,46.42,32.05,9.69,10.9,3.2
2204659,Ilha Grande,PI,0.472,0.534,221.81,0.51,48.51,26.74,8.75,7.31,3.6
2204709,Inhuma,PI,0.56,0.562,263.73,0.52,40.29,27.35,9.4,4.31,4.1
2204808,Ipiranga do Piauí,PI,0.583,0.56,261.12,0.47,36.46,22.68,9.62,8.08,4.3
2204907,Isaías Coelho,PI,0.41,0.628,397.98,0.79,54.14,34.79,8.49,5.22,3.5
2205003,Itainópolis,PI,0.401,0.545,237.76,0.5,41.58,37.54,8.47,4.98,3.5
2205102,Itaueira,PI,0.46,0.594,321.64,0.55,36.31,2.78,8.73,6.37,3.6
2205151,Jacobina do Piauí,PI,0.416,0.509,190.04,0.52,48.89,3.63,8.64,9.45,3
2205201,Jaicós,PI,0.366,0.556,254.28,0.52,41.96,38.49,7.92,5.72,3.1
2205250,Jardim do Mulato,PI,0.55,0.532,219.06,0.51,44.64,29.59,10.62,6.86,4
2205276,Jatobá do Piauí,PI,0.442,0.525,209.21,0.46,42.41,3.04,9.32,1.74,3.3
2205300,Jerumenha,PI,0.461,0.569,275.19,0.49,34.55,25.01,9.06,12.67,2.5
2205359,João Costa,PI,0.46,0.51,191.63,0.49,50.7,28.42,8.52,5.68,1.9
2205409,Joaquim Pires,PI,0.384,0.485,163.33,0.6,62.62,36.31,7.82,6.36,3.9
2205458,Joca Marques,PI,0.353,0.501,181.17,0.57,58.72,38.44,7.46,1.48,2.7
2205508,José de Freitas,PI,0.512,0.591,316.27,0.57,37.18,24.53,9.08,8.88,3.6
2205516,Juazeiro do Piauí,PI,0.47,0.522,206.61,0.51,47.16,29.23,9.03,6.79,4.2
2205524,Júlio Borges,PI,0.508,0.5,179.61,0.53,54.96,18.16,8.97,4.97,2.8
2205540,Lagoinha do Piauí,PI,0.488,0.561,262.04,0.53,44.29,27.22,8.64,2.57,4.9
2205557,Lagoa Alegre,PI,0.425,0.538,227.89,0.53,50.1,31.89,7.89,9.2,3.7
2205565,Lagoa do Barro do Piauí,PI,0.358,0.474,152.61,0.59,62.64,27.73,8.1,8.47,3.2
2205573,Lagoa de São Francisco,PI,0.4,0.499,178.26,0.53,55.25,33.64,8.09,5.87,2.9
2205581,Lagoa do Piauí,PI,0.464,0.548,242.33,0.47,36.76,27.04,8.97,5.46,3.2
2205599,Lagoa do Sítio,PI,0.421,0.504,183.92,0.55,55.53,35.78,8.94,14.07,3.8
2205706,Luís Correia,PI,0.398,0.544,23.69,0.59,50.3,29.76,8.18,8.77,3.6
2205805,Luzilândia,PI,0.42,0.55,245.02,0.51,42.96,35.46,8.3,3.9,3
2205854,Madeiro,PI,0.489,0.472,150.89,0.53,59.37,33.11,9.79,4.68,2.7
2205904,Manoel Emídio,PI,0.466,0.534,222.62,0.55,50.16,23.88,8.71,6.17,4
2205953,Marcolândia,PI,0.438,0.578,291.91,0.49,34.66,34.12,8.63,2.73,3.4
2206001,Marcos Parente,PI,0.494,0.58,295.66,0.48,35.32,25.31,8.91,13.79,3.4
2206050,Massapê do Piauí,PI,0.386,0.514,195.88,0.51,50.24,43.42,8.09,6.88,3.2
2206100,Matias Olímpio,PI,0.438,0.521,204.46,0.52,49.64,34.28,9.14,5.97,2.7
2206209,Miguel Alves,PI,0.396,0.533,220.05,0.6,55.02,38,7.69,5.53,3.1
2206357,Milton Brandão,PI,0.357,0.476,154.73,0.55,62.15,37.21,8.24,9.77,3.5
2206407,Monsenhor Gil,PI,0.524,0.568,273.95,0.5,36.39,24.74,9.87,10.6,3.3
2206506,Monsenhor Hipólito,PI,0.404,0.591,31.56,0.53,38.61,34.83,7.37,1.45,4.6
2206605,Monte Alegre do Piauí,PI,0.474,0.531,217.23,0.57,53.45,2.37,8.69,9.48,3.3
2206654,Morro Cabeça no Tempo,PI,0.435,0.472,150.52,0.58,60.65,2.51,8.94,3.64,2.7
2206670,Morro do Chapéu do Piauí,PI,0.418,0.536,225.37,0.53,46.31,35.48,9.45,3.85,3.7
2206696,Murici dos Portelas,PI,0.391,0.489,167.87,0.6,59.32,3.94,8,9.31,3
2206704,Nazaré do Piauí,PI,0.51,0.531,218.07,0.56,50.25,31.15,9.88,8.22,4.1
2206753,Nossa Senhora de Nazaré,PI,0.462,0.557,256.22,0.5,39.82,2.57,9.56,12.88,3.4
2206803,Nossa Senhora dos Remédios,PI,0.411,0.503,18.34,0.48,54.02,36.04,7.45,3.06,3.2
2206902,Novo Oriente do Piauí,PI,0.418,0.547,240.65,0.51,41.41,32.84,8.85,14.75,3
2206951,Novo Santo Antônio,PI,0.392,0.536,224.54,0.56,50.65,37.54,7.96,2.76,3.3
2207009,Oeiras,PI,0.547,0.619,376.95,0.58,33.36,25.51,9.23,5.84,3.9
2207207,Padre Marcos,PI,0.427,0.531,217.66,0.52,47.44,41.08,9.2,12.09,2.7
2207306,Paes Landim,PI,0.492,0.537,225.53,0.49,43.77,25.61,8.88,12.32,3.5
2207355,Pajeú do Piauí,PI,0.427,0.56,261.36,0.6,49.03,33.06,10.1,5.7,4.5
2207405,Palmeira do Piauí,PI,0.431,0.57,278.54,0.6,45.73,26.47,8.43,3.89,3.5
2207504,Palmeirais,PI,0.443,0.515,197.04,0.59,55.86,31.85,8.67,17.55,2.8
2207553,Paquetá,PI,0.348,0.519,20.26,0.51,51.51,43.69,7.24,4.27,3.3
2207603,Parnaguá,PI,0.464,0.526,211.44,0.56,53.38,25.96,7.71,11.28,3.5
2207702,Parnaíba,PI,0.604,0.658,479.58,0.57,26.51,16.47,10.09,10.11,3.3
2207751,Passagem Franca do Piauí,PI,0.393,0.594,323.31,0.54,36.21,38.84,8.22,4.7,2.9
2207777,Patos do Piauí,PI,0.448,0.529,215.75,0.5,46.74,39.43,8.52,6.06,3.4
2207793,Pau D'Arco do Piauí,PI,0.376,0.488,167.01,0.6,59.22,34.78,7.81,1.95,3.6
2207801,Paulistana,PI,0.472,0.596,327.06,0.6,41.37,30.09,8.61,6.84,3.2
2207850,Pavussu,PI,0.379,0.512,193.61,0.53,54.33,3.52,8.18,4.8,2.4
2207900,Pedro II,PI,0.428,0.566,270.17,0.58,46.62,31.11,8.66,4.59,3.1
2207934,Pedro Laurentino,PI,0.496,0.479,157.24,0.55,61.24,2.23,8.63,4.54,3
2207959,Nova Santa Rita,PI,0.425,0.52,202.99,0.62,57.52,29.29,9.11,7.23,3
2208007,Picos,PI,0.621,0.684,563.88,0.56,17.93,1.77,9.48,7.93,3.5
2208106,Pimenteiras,PI,0.423,0.553,249.17,0.57,48.21,34.71,8.39,5.72,3.5
2208205,Pio IX,PI,0.44,0.538,227.79,0.56,47.36,31.11,9.42,6.46,4.1
2208304,Piracuruca,PI,0.478,0.575,286.63,0.54,40.66,29.96,9.31,6.72,4.1
2208403,Piripiri,PI,0.533,0.621,380.67,0.55,30.18,2.63,9.96,4.74,4.1
2208502,Porto,PI,0.406,0.537,226.34,0.57,50.16,35.01,8.06,2.62,3.1
2208551,Porto Alegre do Piauí,PI,0.452,0.539,228.65,0.49,39.3,27.64,8.64,8.31,4.5
2208601,Prata do Piauí,PI,0.448,0.527,212.64,0.54,52.59,35.27,9.04,13.27,2.7
2208650,Queimada Nova,PI,0.368,0.49,168.78,0.53,56.59,3.13,7.57,6.25,2.2
2208700,Redenção do Gurguéia,PI,0.478,0.557,255.92,0.57,48.55,21.78,8.89,6.69,3.7
2208809,Regeneração,PI,0.498,0.582,299.65,0.57,40.9,31.82,9.36,9.53,3.3
2208858,Riacho Frio,PI,0.431,0.483,161.99,0.6,62.65,20.08,7.71,20.55,3.4
2208874,Ribeira do Piauí,PI,0.368,0.505,185.05,0.58,57.85,30.47,8.65,6.38,2.9
2208908,Ribeiro Gonçalves,PI,0.485,0.568,274.79,0.57,42.23,22.68,8.18,9.18,3.6
2209005,Rio Grande do Piauí,PI,0.442,0.552,248.87,0.54,45.13,29.77,7.94,6.76,3.6
2209104,Santa Cruz do Piauí,PI,0.53,0.57,278.49,0.49,33.99,35.88,9.56,3.44,3.9
2209203,Santa Filomena,PI,0.385,0.53,216.61,0.59,53.49,24.39,6.72,9.28,4.4
2209302,Santa Luz,PI,0.49,0.539,228.71,0.51,48.31,26.42,8.87,11.58,3.7
2209351,Santana do Piauí,PI,0.476,0.539,228.52,0.47,42.54,30.34,8.93,3.03,4
2209377,Santa Rosa do Piauí,PI,0.483,0.539,229.29,0.52,48.21,31.65,10.22,8.56,3.3
2209401,Santo Antônio de Lisboa,PI,0.473,0.597,329.44,0.47,31.38,28.57,7.16,2.41,3.7
2209450,Santo Antônio dos Milagres,PI,0.582,0.524,208.58,0.49,44.14,2.78,9.93,13.61,3.3
2209500,Santo Inácio do Piauí,PI,0.546,0.543,235.42,0.52,42.63,29.75,9.76,12.52,3.2
2209609,São Félix do Piauí,PI,0.52,0.587,309.48,0.52,38.48,34.11,9.52,5.66,3.2
2209658,São Francisco de Assis do Piauí,PI,0.336,0.462,141.81,0.6,65.37,38.95,7.26,3.32,3.5
2209708,São Francisco do Piauí,PI,0.448,0.557,256.79,0.54,43.98,3.21,9.38,6.81,3.5
2209757,São Gonçalo do Gurguéia,PI,0.438,0.572,281.43,0.67,51.86,24.51,8.15,22.38,3.7
2209807,São Gonçalo do Piauí,PI,0.588,0.538,227.37,0.55,51.3,2.76,9.76,18.4,3.8
2209856,São João da Canabrava,PI,0.446,0.539,229.34,0.52,46.32,36.43,7.84,11.01,4.1
2209872,São João da Fronteira,PI,0.351,0.516,198.13,0.54,52.6,36.99,8.04,7.94,3.6
2209906,São João da Serra,PI,0.478,0.545,237.11,0.57,48.48,38.26,9.24,7.25,3.9
2209955,São João da Varjota,PI,0.46,0.536,224.99,0.57,49.6,35.38,9.57,8.31,3.2
2209971,São João do Arraial,PI,0.401,0.496,174.82,0.55,56.77,36.29,9.9,5.26,2.8
2210003,São João do Piauí,PI,0.567,0.615,368.36,0.57,32.56,22.22,10.14,6.9,3.5
2210052,São José do Divino,PI,0.44,0.529,214.48,0.49,44.84,36.09,8.81,3.04,3.8
2210102,São José do Peixe,PI,0.449,0.548,242.73,0.57,50.47,30.05,8.59,5.35,3.2
2210201,São José do Piauí,PI,0.423,0.569,275.18,0.43,32.84,37.91,9.12,3.75,3.9
2210300,São Julião,PI,0.455,0.593,32.12,0.51,36.54,38.71,7.89,6.52,3.6
2210359,São Lourenço do Piauí,PI,0.499,0.56,261.24,0.47,35.88,24.65,8.38,4.21,3.5
2210375,São Luis do Piauí,PI,0.433,0.52,202.89,0.5,45.89,33.46,7.85,3.42,3.8
2210391,São Miguel do Fidalgo,PI,0.407,0.505,185.84,0.55,53.02,32.94,8.02,5.27,3.5
2210409,São Miguel do Tapuio,PI,0.434,0.508,189.01,0.57,55.14,36.03,8.95,6.33,3.8
2210508,São Pedro do Piauí,PI,0.492,0.553,249.23,0.56,46.17,29.58,9.44,6.98,3.6
2210607,São Raimundo Nonato,PI,0.587,0.631,40.62,0.55,25.71,20.16,9.82,5.61,3.2
2210631,Sebastião Leal,PI,0.467,0.516,198.01,0.58,52.02,27.72,9.54,27.6,3.5
2210656,Sigefredo Pacheco,PI,0.496,0.518,200.91,0.51,47.52,33.77,8.77,7.38,3.4
2210706,Simões,PI,0.44,0.56,261.23,0.51,43.47,30.25,7.84,5.03,4.2
2210805,Simplício Mendes,PI,0.525,0.613,362.56,0.57,33.72,2.37,9.56,8.51,3.4
2210938,Sussuapara,PI,0.476,0.563,265.42,0.46,33.3,30.36,8.43,5.54,3.3
2210953,Tamboril do Piauí,PI,0.36,0.509,189.63,0.54,56.11,36.05,6.82,5.7,3.5
2210979,Tanque do Piauí,PI,0.499,0.553,250.37,0.48,39.55,28.53,8.22,1.57,4.9
2211001,Teresina,PI,0.707,0.731,757.57,0.61,14.6,91,10.36,10.17,3.9
2211100,União,PI,0.453,0.542,23.27,0.52,43.67,28.74,8.57,6.62,3.8
2211209,Uruçuí,PI,0.516,0.614,364.39,0.53,29.7,18.12,8.2,7.44,3.5
2211308,Valença do Piauí,PI,0.566,0.62,380.19,0.53,28.5,26.08,9.52,8.6,3.7
2211357,Várzea Branca,PI,0.44,0.518,201.49,0.57,54.59,31.49,7.94,3.3,2.7
2211407,Várzea Grande,PI,0.474,0.554,251.64,0.51,42.66,33.09,9.14,4.8,4.3
2211506,Vera Mendes,PI,0.375,0.494,173.56,0.58,58.19,43.69,8.5,4.92,2.7
2211605,Vila Nova do Piauí,PI,0.471,0.559,259.38,0.6,47.16,30.17,7.63,5.4,5.5
2211704,Wall Ferraz,PI,0.443,0.513,195.12,0.51,49.94,35.26,9.38,5.2,3.6
2300101,Abaiara,CE,0.612,0.54,229.74,0.48,44.64,2.94,9.7,10.28,4
2300150,Acarape,CE,0.562,0.559,259.03,0.43,32.88,21.77,9.14,7.25,3.3
2300200,Acaraú,CE,0.517,0.554,250.79,0.6,51.22,28.83,10.03,8.2,4
2300309,Acopiara,CE,0.517,0.563,266.65,0.57,45.21,32.87,9.94,6.21,4.1
2300408,Aiuaba,CE,0.474,0.518,20.06,0.53,52.55,34.14,8.79,3.71,4.8
2300507,Alcântaras,CE,0.524,0.549,243.73,0.46,37.34,29.11,9.43,4.8,3.6
2300606,Altaneira,CE,0.515,0.547,240.97,0.55,49.56,31.83,10.36,6.81,3.6
2300705,Alto Santo,CE,0.499,0.563,265.07,0.48,36.02,30.13,9.12,5.5,3.9
2300754,Amontada,CE,0.582,0.503,182.47,0.56,57.54,25.67,10.25,7.77,4
2300804,Antonina do Norte,CE,0.506,0.55,244.83,0.51,43.92,32.61,9.39,7.18,3.9
2300903,Apuiarés,CE,0.593,0.536,224.63,0.54,49.77,2.68,10.63,5.28,3.8
2301000,Aquiraz,CE,0.55,0.608,35.26,0.48,24.19,20.83,9.05,8.26,4.1
2301109,Aracati,CE,0.624,0.607,349.26,0.53,31.68,20.82,10.39,10.39,3.5
2301208,Aracoiaba,CE,0.556,0.55,245.24,0.51,42.69,30.07,9.46,5.53,3.2
2301257,Ararendá,CE,0.516,0.522,205.43,0.53,51.04,34.02,9.77,13.82,3.4
2301307,Araripe,CE,0.459,0.515,197.14,0.56,56,33.54,9.12,5.17,4.1
2301406,Aratuba,CE,0.587,0.53,215.94,0.49,46.35,25.35,9.98,5.42,4.8
2301505,Arneiroz,CE,0.564,0.565,269.77,0.53,40.76,30.26,9.7,6.64,4
2301604,Assaré,CE,0.482,0.573,28.26,0.59,45.07,31.68,9.61,4.67,4
2301703,Aurora,CE,0.521,0.557,255.78,0.53,45.69,28.05,9.1,6.56,3
2301802,Baixio,CE,0.575,0.563,265.94,0.46,35.89,23.75,9.41,6.43,3.3
2301851,Banabuiú,CE,0.53,0.54,229.99,0.55,48.92,30.18,9.97,5.91,3.5
2301901,Barbalha,CE,0.637,0.613,36.29,0.51,28.35,18.79,10.4,9.94,4
2301950,Barreira,CE,0.551,0.551,246.69,0.5,41.44,27.46,9.57,11.04,3.8
2302008,Barro,CE,0.51,0.556,254.44,0.5,41.46,23.37,9.67,6.11,3.8
2302057,Barroquinha,CE,0.505,0.512,192.96,0.55,55.93,3.65,10.22,3.01,3.6
2302107,Baturité,CE,0.548,0.574,284.88,0.48,34.41,22.03,10.13,8.36,3.9
2302206,Beberibe,CE,0.571,0.585,304.61,0.55,38.18,26.05,10.02,7.33,4.5
2302305,Bela Cruz,CE,0.598,0.533,221.07,0.55,51.91,27.09,10.31,6.24,3.9
2302404,Boa Viagem,CE,0.504,0.553,250.47,0.59,48.83,32.57,8.87,6.46,3.9
2302503,Brejo Santo,CE,0.592,0.596,325.64,0.52,32.29,22.68,9.02,8.97,4.2
2302602,Camocim,CE,0.578,0.565,2.69,0.56,45.76,26.49,9.95,9.46,4
2302701,Campos Sales,CE,0.556,0.584,303.68,0.58,46.64,29.21,10.57,5.64,3.5
2302800,Canindé,CE,0.526,0.571,27.89,0.58,45.24,24.67,9.15,10.08,4.1
2302909,Capistrano,CE,0.593,0.527,211.95,0.57,52.79,27.78,10.31,6.62,3.3
2303006,Caridade,CE,0.505,0.528,213.18,0.5,47.06,26.83,8.18,10.36,3.9
2303105,Cariré,CE,0.526,0.537,225.75,0.54,49.87,30.47,10.09,6.26,3.8
2303204,Caririaçu,CE,0.483,0.549,24.31,0.51,45.21,31.65,9.66,6.91,3.5
2303303,Cariús,CE,0.519,0.546,239.39,0.52,44.85,31.79,9.71,4.72,4
2303402,Carnaubal,CE,0.513,0.536,224.37,0.53,49.64,29.66,10.32,3.37,3.6
2303501,Cascavel,CE,0.578,0.587,309.14,0.48,31.25,22.89,9.74,9.26,3.6
2303600,Catarina,CE,0.56,0.551,246.38,0.51,42.19,29.44,8.93,17.95,3.3
2303659,Catunda,CE,0.587,0.537,225.43,0.53,48.19,30.02,10.38,5.45,3.4
2303709,Caucaia,CE,0.632,0.62,379.63,0.48,22.82,12.86,9.71,9.09,3.6
2303808,Cedro,CE,0.553,0.592,317.69,0.56,39.13,27.52,9.51,5.75,3.7
2303907,Chaval,CE,0.536,0.524,20.87,0.5,49.91,32.47,10.25,5.13,3.4
2303931,Choró,CE,0.523,0.493,171.62,0.58,60.78,32.43,9.94,10.33,3.6
2303956,Chorozinho,CE,0.522,0.57,27.74,0.5,36.15,28.72,9.35,7.69,3.2
2304004,Coreaú,CE,0.568,0.526,210.65,0.51,47.57,36.91,10.04,7.73,3.9
2304103,Crateús,CE,0.55,0.618,373.18,0.6,37.07,24.99,9.25,10.62,3.5
2304202,Crato,CE,0.673,0.655,470.46,0.57,24.54,14.94,10.47,9.01,3.9
2304236,Croatá,CE,0.544,0.497,176.12,0.57,58.91,35.25,10.45,5.56,3.4
2304251,Cruz,CE,0.586,0.573,282.51,0.58,46.29,24.64,10.04,4.31,4.5
2304269,Deputado Irapuan Pinheiro,CE,0.562,0.542,233.15,0.5,45.38,32.28,10.17,3.62,4.5
2304277,Ererê,CE,0.547,0.551,246.27,0.46,39.25,30.73,9.14,8.4,3.7
2304285,Eusébio,CE,0.621,0.7,623.01,0.65,22.03,13.49,10.13,8.38,4.6
2304301,Farias Brito,CE,0.605,0.541,231.88,0.54,48.78,27.62,10.73,7.48,3.9
2304350,Forquilha,CE,0.602,0.583,30.09,0.45,29.57,26.18,10.3,7.11,4.5
2304400,Fortaleza,CE,0.695,0.749,846.36,0.61,12.14,6.94,10.04,8.12,3.6
2304459,Fortim,CE,0.588,0.562,264.14,0.51,39.33,26.79,9.44,10.35,3.9
2304509,Frecheirinha,CE,0.536,0.551,246.03,0.53,45.88,33.33,9.36,5.09,3.6
2304657,Graça,CE,0.477,0.514,195.67,0.55,55.15,35.69,9.74,7.79,4
2304707,Granja,CE,0.453,0.495,173.99,0.62,63.91,38.57,9.46,6.77,3.3
2304806,Granjeiro,CE,0.526,0.533,221.14,0.51,46.36,30.62,9.31,5.43,4.2
2304905,Groaíras,CE,0.598,0.585,304.64,0.47,31.9,25.24,10.37,5.48,5.4
2304954,Guaiúba,CE,0.56,0.546,239.69,0.47,40.45,23.07,9.3,9.32,3.3
2305001,Guaraciaba do Norte,CE,0.528,0.552,247.55,0.51,43.42,28.43,9.52,4.88,3.8
2305100,Guaramiranga,CE,0.61,0.576,287.35,0.47,35.52,17.85,9.34,12.55,4
2305209,Hidrolândia,CE,0.499,0.549,243.41,0.51,44,30.19,9.38,5.59,3.9
2305233,Horizonte,CE,0.61,0.594,322.78,0.42,22.32,15.65,9.29,9.53,4.6
2305266,Ibaretama,CE,0.489,0.517,199.63,0.55,54.03,34.67,8.86,4.32,3.1
2305308,Ibiapina,CE,0.525,0.559,258.57,0.47,38.71,25.48,9.94,2.57,3.7
2305332,Ibicuitinga,CE,0.571,0.514,196.54,0.52,53.82,29.34,9.94,9.25,3.7
2305357,Icapuí,CE,0.541,0.572,280.79,0.47,33.32,26.07,8.66,8.82,3.7
2305407,Icó,CE,0.536,0.568,274.01,0.55,42.14,32.83,9,6.02,3.3
2305506,Iguatu,CE,0.599,0.642,434.67,0.54,24.31,23.36,9.49,7.2,3.8
2305605,Independência,CE,0.592,0.561,262.34,0.55,45.52,28.74,9.92,9.89,4.3
2305654,Ipaporanga,CE,0.506,0.502,182.11,0.55,55.78,34.29,9.79,8.31,3.7
2305704,Ipaumirim,CE,0.491,0.621,380.61,0.63,36.35,27.32,8.91,8.72,3.7
2305803,Ipu,CE,0.532,0.583,301.38,0.56,42.15,28.13,8.82,5.94,3.5
2305902,Ipueiras,CE,0.479,0.534,222.22,0.56,51.9,32.03,9.61,7.69,3.4
2306009,Iracema,CE,0.632,0.597,328.61,0.55,33.85,26.59,10.38,8.68,3.4
2306108,Irauçuba,CE,0.557,0.526,211.75,0.61,56.58,28.01,10.24,15.84,4.1
2306207,Itaiçaba,CE,0.642,0.581,296.81,0.44,26.94,22.82,10.97,10.42,4.7
2306256,Itaitinga,CE,0.548,0.583,300.15,0.45,29.31,1.72,9.1,12.15,4.4
2306306,Itapagé,CE,0.568,0.561,263.18,0.54,42.45,23.36,9.56,9.54,4.1
2306405,Itapipoca,CE,0.613,0.562,264.08,0.56,45,22.68,9.79,9.8,4
2306504,Itapiúna,CE,0.542,0.525,209.53,0.5,46.42,30.42,9.27,5.94,3.5
2306553,Itarema,CE,0.558,0.529,214.89,0.53,49.01,2.69,10.16,5.58,4.4
2306603,Itatira,CE,0.463,0.514,196.02,0.54,53.79,32.57,8.83,10.43,3.8
2306702,Jaguaretama,CE,0.535,0.552,247.85,0.56,47.29,28.53,9.46,6.04,4.2
2306801,Jaguaribara,CE,0.559,0.575,287.08,0.45,32.21,25.97,9.74,4.96,2.9
2306900,Jaguaribe,CE,0.543,0.58,294.97,0.52,37.3,25.56,9.46,7.23,3.8
2307007,Jaguaruana,CE,0.548,0.568,27.49,0.47,34.35,27.15,9.84,8.06,4.5
2307106,Jardim,CE,0.542,0.547,241.09,0.53,45.8,26.29,9.58,5.32,3.9
2307205,Jati,CE,0.634,0.562,264.55,0.5,41.91,26.25,9.97,6.31,4.8
2307254,Jijoca de Jericoacoara,CE,0.625,0.614,365.46,0.59,36.4,23.51,10.45,5.56,5.2
2307304,Juazeiro do Norte,CE,0.642,0.644,439.53,0.54,23.43,1.62,10.14,10.3,3.8
2307403,Jucás,CE,0.511,0.541,232.22,0.49,44.11,31.18,9.82,9.39,4.2
2307502,Lavras da Mangabeira,CE,0.515,0.576,288.15,0.6,46.26,28.88,8.27,7.91,3.5
2307601,Limoeiro do Norte,CE,0.623,0.633,410.03,0.49,21.09,19.21,9.52,9.57,4.1
2307635,Madalena,CE,0.545,0.536,225.22,0.58,49.8,26.12,9.85,9.52,3.8
2307650,Maracanaú,CE,0.665,0.617,372.91,0.43,18.97,96,10.23,10.96,4.3
2307700,Maranguape,CE,0.618,0.587,307.81,0.44,25.4,15.39,9.91,8.63,3.8
2307809,Marco,CE,0.553,0.564,266.87,0.54,41.45,2.86,9.28,7.3,3.7
2307908,Martinópole,CE,0.522,0.541,232.17,0.59,51.02,29.87,9.72,7.61,4.3
2308005,Massapê,CE,0.554,0.541,231.47,0.47,41.67,28.49,10.03,8.08,3.6
2308104,Mauriti,CE,0.526,0.544,236.11,0.56,48.76,29.51,9.83,8.5,3.7
2308203,Meruoca,CE,0.554,0.559,258.78,0.47,35.68,18.71,8.79,3.51,5
2308302,Milagres,CE,0.569,0.561,261.96,0.47,36.4,28.84,9.07,8.59,3.5
2308351,Milhã,CE,0.558,0.56,260.95,0.54,44.12,2.88,9.71,4.58,3.9
2308377,Miraíma,CE,0.523,0.51,191.56,0.64,64.35,32.27,10.09,13.98,3.6
2308401,Missão Velha,CE,0.552,0.579,293.16,0.57,44.81,28.05,9.79,4.6,3.5
2308500,Mombaça,CE,0.489,0.549,243.85,0.54,45.53,34.02,9.22,4.94,3.8
2308609,Monsenhor Tabosa,CE,0.538,0.545,237.18,0.55,49.73,29.84,8.99,10.75,4.1
2308708,Morada Nova,CE,0.525,0.569,276.36,0.52,39.18,28.22,9.08,8.56,3.8
2308807,Moraújo,CE,0.516,0.495,174.55,0.51,58.9,31.98,9.43,7.93,4.5
2308906,Morrinhos,CE,0.511,0.524,20.89,0.54,54.57,28.44,9.6,7.4,4.1
2309003,Mucambo,CE,0.541,0.565,269.65,0.57,46.25,31.61,9.82,8.29,5
2309102,Mulungu,CE,0.534,0.551,246.35,0.55,47.55,22.98,9.33,5.71,3.7
2309201,Nova Olinda,CE,0.554,0.567,27.21,0.57,46.47,2.33,9.88,5.28,4.4
2309300,Nova Russas,CE,0.524,0.585,304.52,0.5,33.63,28.44,9.87,5.23,3.7
2309409,Novo Oriente,CE,0.526,0.552,247.79,0.6,50.09,34.07,10.04,6.59,4.5
2309458,Ocara,CE,0.519,0.524,208.77,0.53,49.99,30.07,9.97,7.39,4
2309508,Orós,CE,0.557,0.582,298.84,0.49,33.03,29.69,9.25,5.2,3.9
2309607,Pacajus,CE,0.596,0.609,354.78,0.47,24.7,18.26,9.91,10.68,3.6
2309706,Pacatuba,CE,0.652,0.605,344.63,0.44,22,9.38,9.77,13.38,3.9
2309805,Pacoti,CE,0.58,0.571,279.49,0.5,37.95,20.33,9.28,8.08,4
2309904,Pacujá,CE,0.571,0.562,264.03,0.5,41.68,28.15,9.99,6.05,3.5
2310001,Palhano,CE,0.628,0.572,281.69,0.47,34.53,28.38,10.33,4.35,4
2310100,Palmácia,CE,0.551,0.59,315.23,0.63,45.85,24.09,9.06,5.39,3.7
2310209,Paracuru,CE,0.581,0.597,32.82,0.55,36.59,20.15,10,6.49,4.1
2310258,Paraipaba,CE,0.602,0.574,283.79,0.5,38.48,19.94,9.42,5.68,4.1
2310308,Parambu,CE,0.46,0.526,211.05,0.53,51.58,35.09,10.11,6.47,3.7
2310407,Paramoti,CE,0.518,0.515,196.63,0.52,49.98,29.78,10.01,6.69,3.9
2310506,Pedra Branca,CE,0.521,0.541,231.56,0.5,41.95,33.19,9.69,6.84,4.9
2310605,Penaforte,CE,0.626,0.566,271.18,0.45,34.26,22.17,10.11,11.36,4.1
2310704,Pentecoste,CE,0.604,0.562,264.95,0.56,44.8,2.48,9.85,9.34,3.8
2310803,Pereiro,CE,0.534,0.525,209.49,0.53,51.12,29.57,9.2,3.89,4.3
2310852,Pindoretama,CE,0.588,0.581,296.99,0.45,30.09,2.17,9.46,6.1,4.4
2310902,Piquet Carneiro,CE,0.523,0.53,217.02,0.52,48.21,26.34,9.16,6.6,3.6
2310951,Pires Ferreira,CE,0.526,0.51,191.39,0.51,52.34,29.94,10.4,8.37,4.3
2311009,Poranga,CE,0.5,0.527,212.87,0.54,53,33.97,9.28,9.04,3
2311108,Porteiras,CE,0.592,0.531,218.44,0.49,47.62,29.17,9.42,10.33,4
2311207,Potengi,CE,0.441,0.529,215.12,0.58,53.53,34.52,8.34,16.13,3.4
2311231,Potiretama,CE,0.538,0.544,236.09,0.5,43.54,29.11,9.5,8.38,3.3
2311264,Quiterianópolis,CE,0.518,0.524,208.58,0.55,49.89,32.81,10.04,5.53,3.9
2311306,Quixadá,CE,0.624,0.592,317.66,0.53,36.21,22.94,9.69,8.64,3.7
2311355,Quixelô,CE,0.52,0.548,242.27,0.51,45.02,3.67,10.34,3.6,4.4
2311405,Quixeramobim,CE,0.567,0.592,317.45,0.56,38.37,2.42,9.35,6.67,4
2311504,Quixeré,CE,0.556,0.56,260.79,0.44,34.25,26.03,9.73,12.08,4.2
2311603,Redenção,CE,0.577,0.567,273.08,0.5,38.32,24.32,9.3,4.76,4.3
2311702,Reriutaba,CE,0.509,0.56,260.65,0.6,50.02,29.25,9.72,6.5,4.2
2311801,Russas,CE,0.626,0.617,372.43,0.46,22.09,19.59,10.48,6.42,4.3
2311900,Saboeiro,CE,0.499,0.533,220.94,0.54,50.76,3.35,9,6.38,3.8
2311959,Salitre,CE,0.434,0.497,176.75,0.49,53.46,39.98,8.94,1.67,3.1
2312007,Santana do Acaraú,CE,0.5,0.536,224.83,0.66,59.47,29.56,8.84,9.35,3.2
2312106,Santana do Cariri,CE,0.557,0.527,21.27,0.56,56.11,30,10.32,5.75,4.1
2312205,Santa Quitéria,CE,0.553,0.546,238.84,0.56,48.79,27.43,9.82,7.82,3.8
2312304,São Benedito,CE,0.531,0.562,263.94,0.51,42.61,27.09,9.64,3.8,4.2
2312403,São Gonçalo do Amarante,CE,0.646,0.587,309.14,0.51,33.04,20.12,10.28,8.66,4.4
2312502,São João do Jaguaribe,CE,0.576,0.62,378.76,0.5,27.57,2.58,9.94,4.35,4.4
2312601,São Luís do Curu,CE,0.593,0.558,25.79,0.51,42.2,22.37,9.55,11.54,3.2
2312700,Senador Pompeu,CE,0.537,0.574,28.38,0.51,37.35,27.06,9.99,8.23,3.8
2312809,Senador Sá,CE,0.565,0.528,214.23,0.52,50.98,33.16,9.45,4.99,4
2312908,Sobral,CE,0.675,0.647,448.89,0.56,25.2,17,10.66,8.24,4.4
2313005,Solonópole,CE,0.574,0.565,269.25,0.51,40.69,26.22,9.91,5.79,4.1
2313104,Tabuleiro do Norte,CE,0.547,0.62,379.75,0.53,30.02,22.54,9.19,9.84,4.3
2313203,Tamboril,CE,0.476,0.526,211.64,0.52,49.31,32.97,9.61,5.59,3.3
2313252,Tarrafas,CE,0.482,0.529,214.72,0.54,49.69,35.51,9.69,8.35,3.9
2313302,Tauá,CE,0.56,0.585,305.42,0.57,41.03,27.34,9.86,5.99,4.1
2313351,Tejuçuoca,CE,0.52,0.517,199.81,0.52,51.38,27.78,9.42,8.47,3.8
2313401,Tianguá,CE,0.587,0.628,398.29,0.61,34.54,24.02,9.68,4.82,4
2313500,Trairi,CE,0.577,0.522,205.89,0.55,53.07,23.62,10.45,4.04,3.9
2313559,Tururu,CE,0.576,0.508,188.84,0.54,54.19,28,9.89,12.94,3.5
2313609,Ubajara,CE,0.594,0.595,325.13,0.54,36.4,24.57,9.88,7.63,4.7
2313708,Umari,CE,0.497,0.535,223.62,0.55,50.85,32.46,8.51,6.24,3.2
2313757,Umirim,CE,0.524,0.514,195.42,0.53,52.27,28.47,9.1,9.37,3.4
2313807,Uruburetama,CE,0.608,0.564,267.47,0.54,41.37,22.85,10.14,11.43,3.7
2313906,Uruoca,CE,0.485,0.503,182.85,0.53,56.79,36.46,9.85,7.59,4
2313955,Varjota,CE,0.545,0.575,286.41,0.52,40.41,26.67,9.47,9.02,3.4
2314003,Várzea Alegre,CE,0.576,0.569,276.17,0.54,42.91,28.56,9.8,5.66,3.7
2314102,Viçosa do Ceará,CE,0.475,0.521,204.23,0.6,57.51,31.42,8.94,5.05,4.3
2400109,Acari,RN,0.634,0.633,410.61,0.49,20.79,17.81,10.05,3.3,4.2
2400208,Açu,RN,0.568,0.641,432.38,0.53,22.16,22.48,9.72,10.3,2.5
2400307,Afonso Bezerra,RN,0.502,0.56,26.13,0.53,40,30.68,9.66,11.62,3.3
2400406,Água Nova,RN,0.572,0.527,212.82,0.44,42.81,22.66,10.52,21.3,3.8
2400505,Alexandria,RN,0.491,0.581,29.65,0.53,39.4,33.42,8.74,12.31,3.6
2400604,Almino Afonso,RN,0.568,0.578,29.13,0.49,34.52,25.05,9.91,8.57,3.4
2400703,Alto do Rodrigues,RN,0.585,0.647,447.67,0.47,16.86,1.93,9.86,13.06,3.8
2400802,Angicos,RN,0.53,0.606,347.65,0.51,29.17,26.34,9.39,10.24,3.1
2400901,Antônio Martins,RN,0.458,0.554,251.04,0.51,42.55,30.78,8.73,6.8,2.7
2401008,Apodi,RN,0.571,0.611,358.66,0.55,31.03,23.91,9.58,9.98,3.5
2401107,Areia Branca,RN,0.621,0.647,449.02,0.48,19.46,16.31,10.36,14.63,3
2401206,Arês,RN,0.523,0.587,309.04,0.53,36.12,25.69,9.03,16.15,2.4
2401305,Campo Grande,RN,0.495,0.624,388.39,0.68,41.22,28.88,8.84,7.11,3.4
2401404,Baía Formosa,RN,0.534,0.59,315.25,0.47,28.35,22.88,9.46,8.96,3.4
2401453,Baraúna,RN,0.446,0.562,263.68,0.42,27.97,2.81,8.32,11.78,3.2
2401503,Barcelona,RN,0.442,0.564,266.71,0.5,37.89,29.51,9.34,7.65,3.2
2401602,Bento Fernandes,RN,0.494,0.542,233.48,0.47,41.72,2.83,10.13,9.31,2.5
2401651,Bodó,RN,0.565,0.57,277.16,0.52,40.52,24.86,8.65,7.59,2.5
2401701,Bom Jesus,RN,0.46,0.583,300.38,0.54,38.16,32.05,8.84,9.21,3.1
2401800,Brejinho,RN,0.492,0.585,30.48,0.49,33.96,31.23,8.44,7.3,3.1
2401859,Caiçara do Norte,RN,0.454,0.572,280.53,0.53,43.31,25.52,8.27,8.78,3.3
2401909,Caiçara do Rio do Vento,RN,0.499,0.553,250.07,0.49,41.66,25.65,9.43,9.43,2.9
2402006,Caicó,RN,0.619,0.703,637.13,0.56,12.1,15.34,9.97,6.95,2.9
2402105,Campo Redondo,RN,0.584,0.554,251.73,0.56,43.34,25.71,9.88,9.38,3.2
2402204,Canguaretama,RN,0.486,0.557,256.22,0.49,39.54,26.63,8.64,15.38,3
2402303,Caraúbas,RN,0.556,0.594,321.99,0.54,35.25,26.71,9.62,10.45,3.7
2402402,Carnaúba dos Dantas,RN,0.577,0.624,38.78,0.41,15.98,14.37,9.6,4.11,3.4
2402501,Carnaubais,RN,0.476,0.583,300.27,0.52,33.1,25.64,8.82,15.2,3.3
2402600,Ceará-Mirim,RN,0.505,0.599,332.89,0.51,31.29,21.76,8.75,13.11,2.8
2402709,Cerro Corá,RN,0.518,0.573,282.84,0.54,41.08,27.39,10.09,6.28,2.8
2402808,Coronel Ezequiel,RN,0.476,0.545,238.25,0.55,46.48,29.97,9.06,5.65,2
2402907,Coronel João Pessoa,RN,0.471,0.549,243.22,0.5,43.15,33.16,8.69,3.27,3.1
2403004,Cruzeta,RN,0.621,0.602,339.38,0.42,20.57,22.23,9.96,5.15,4.1
2403103,Currais Novos,RN,0.617,0.673,526.96,0.58,22.64,17.87,9.91,7.88,3.5
2403202,Doutor Severiano,RN,0.566,0.567,272.21,0.49,37.37,24.76,9.99,2.32,3.7
2403251,Parnamirim,RN,0.726,0.75,850.44,0.55,10.91,7.96,10.24,9.95,3.2
2403301,Encanto,RN,0.536,0.589,312.34,0.47,31.52,24.28,9.33,10.06,2.7
2403400,Equador,RN,0.546,0.578,292.55,0.5,34.24,22.82,9.61,8.8,3.3
2403509,Espírito Santo,RN,0.423,0.549,243.23,0.54,46.01,38.36,9.2,13.02,2.8
2403608,Extremoz,RN,0.555,0.64,428.65,0.54,23.67,1.72,8.84,13.04,3.1
2403707,Felipe Guerra,RN,0.575,0.582,29.86,0.48,32.1,21.46,9.67,10.86,3.6
2403756,Fernando Pedroza,RN,0.519,0.565,269.67,0.55,39.83,29.64,8.6,13.11,3.3
2403806,Florânia,RN,0.56,0.611,3.59,0.49,26.34,2.32,9.28,10.04,3.6
2404002,Frutuoso Gomes,RN,0.512,0.565,269.48,0.47,35.42,25.67,9.33,12.09,3.4
2404101,Galinhos,RN,0.429,0.578,291.78,0.57,39.6,26.85,8.53,10.64,2.5
2404200,Goianinha,RN,0.537,0.619,377.59,0.55,29.09,23.82,9.05,12.36,3.2
2404309,Governador Dix-Sept Rosado,RN,0.485,0.564,267.12,0.49,36.91,23.96,8.79,14.98,2.4
2404408,Grossos,RN,0.585,0.633,410.84,0.49,19.85,25.88,10.51,11.99,2.9
2404507,Guamaré,RN,0.505,0.632,407.49,0.51,23.79,22.78,8.45,11.46,2.6
2404606,Ielmo Marinho,RN,0.418,0.521,20.45,0.51,46.4,28.12,8.48,5.52,2.9
2404705,Ipanguaçu,RN,0.518,0.568,27.38,0.48,34.99,27.74,8.94,11.66,2.6
2404853,Itajá,RN,0.539,0.586,3.06,0.42,24.86,25.52,9.38,5.19,2.6
2404903,Itaú,RN,0.542,0.588,310.63,0.48,30.66,22.07,10.33,11.63,3.5
2405009,Jaçanã,RN,0.509,0.559,259.77,0.48,39.31,27.81,9.29,6.02,2.8
2405207,Janduís,RN,0.529,0.567,272.39,0.47,36.84,27.76,8.82,5.91,2.4
2405306,Boa Saúde,RN,0.481,0.511,192.34,0.53,55.65,35.46,9.94,3.6,3.3
2405405,Japi,RN,0.48,0.528,214.04,0.51,48.65,3.48,9.65,6.54,2.4
2405603,Jardim de Piranhas,RN,0.469,0.59,31.46,0.42,22.22,25.77,8.97,7.42,2.6
2405702,Jardim do Seridó,RN,0.584,0.647,447.53,0.5,17.42,18.47,10.13,7.09,3.7
2405801,João Câmara,RN,0.484,0.6,335.64,0.56,35.99,26.78,9.75,11.46,2.1
2405900,João Dias,RN,0.39,0.495,174.39,0.55,56.29,38.86,7.58,6.81,2.9
2406007,José da Penha,RN,0.489,0.583,301.09,0.47,31.13,29.73,9.53,7.28,3.2
2406106,Jucurutu,RN,0.492,0.583,301.94,0.46,29.48,31.53,9.4,9.16,3
2406205,Lagoa d'Anta,RN,0.507,0.58,295.37,0.54,41.93,3.32,9.73,4.91,2.6
2406304,Lagoa de Pedras,RN,0.436,0.529,214.84,0.52,49.61,36.72,8.92,6.26,3.1
2406403,Lagoa de Velhos,RN,0.458,0.566,270.76,0.42,33.11,26.65,8.17,6.29,2.3
2406502,Lagoa Nova,RN,0.483,0.542,233.77,0.5,44.26,29.24,9.19,8.67,3.1
2406601,Lagoa Salgada,RN,0.464,0.551,247.22,0.54,43.02,36.93,8.93,8.3,3
2406700,Lajes,RN,0.557,0.578,29.25,0.49,33.77,26.98,9.14,13.53,3.3
2406809,Lajes Pintadas,RN,0.568,0.559,258.98,0.45,36.87,27.51,9.35,5.35,2.2
2406908,Lucrécia,RN,0.551,0.624,388.31,0.62,37.17,23.93,9.17,8.8,2.6
2407005,Luís Gomes,RN,0.531,0.545,237.26,0.55,46.87,29.21,9.82,14.08,2.4
2407104,Macaíba,RN,0.545,0.613,363.97,0.5,26.57,22.55,9.31,11.73,2.9
2407203,Macau,RN,0.572,0.65,457.22,0.5,18.75,18.94,9.18,13,2.8
2407252,Major Sales,RN,0.529,0.573,282.48,0.51,37.65,29.03,10.43,14.62,2.9
2407302,Marcelino Vieira,RN,0.51,0.571,279.42,0.52,38.87,30.23,9.62,8.22,3.1
2407401,Martins,RN,0.538,0.58,295.35,0.49,34.34,19.21,9.56,7.84,3.8
2407500,Maxaranguape,RN,0.506,0.582,298.87,0.52,38.32,2.18,9.79,17,3.3
2407609,Messias Targino,RN,0.565,0.608,35.08,0.44,22.22,32.39,10.02,6.06,2.7
2407708,Montanhas,RN,0.447,0.553,249.75,0.53,44.68,30.23,8.38,7.86,2.6
2407807,Monte Alegre,RN,0.507,0.578,292.15,0.52,38.34,28.92,9.29,11.44,2.4
2407906,Monte das Gameleiras,RN,0.509,0.56,261.41,0.48,37.98,3.05,9.78,5.1,2.6
2408003,Mossoró,RN,0.663,0.694,600.28,0.52,12.81,1.38,9.97,10.88,3.3
2408102,Natal,RN,0.694,0.768,950.34,0.61,10.5,8.33,9.85,10.63,3
2408201,Nísia Floresta,RN,0.518,0.601,337.75,0.53,34.43,22.36,9.56,10.18,2.7
2408300,Nova Cruz,RN,0.537,0.589,313.34,0.52,35.8,31.48,9.07,9.99,2.2
2408409,Olho-d'Água do Borges,RN,0.482,0.577,290.17,0.48,32.31,35.11,9.77,9.85,3.6
2408508,Ouro Branco,RN,0.558,0.61,355.71,0.43,22.67,21.05,8.67,2.47,4.5
2408607,Paraná,RN,0.496,0.532,219.34,0.49,43.95,33.51,9.27,9.64,3.3
2408805,Parazinho,RN,0.424,0.543,234.75,0.52,47.58,32.92,8.94,15.41,3.4
2408904,Parelhas,RN,0.617,0.625,390.54,0.45,17.84,17.19,10.3,6.96,3.5
2408953,Rio do Fogo,RN,0.457,0.546,23.91,0.52,46.86,26.84,9.99,8.42,2.3
2409100,Passa e Fica,RN,0.516,0.565,269.09,0.51,41.09,3.24,9.24,11.76,3.1
2409209,Passagem,RN,0.501,0.547,241.15,0.41,32.8,28.25,9.62,15.73,3
2409308,Patu,RN,0.513,0.599,331.98,0.52,32.52,27.88,9.65,9.04,3.1
2409332,Santa Maria,RN,0.477,0.554,25.19,0.45,36.95,28.85,9.49,16.3,2.8
2409407,Pau dos Ferros,RN,0.584,0.666,504.82,0.54,19.54,18.06,10.15,8.67,3.5
2409506,Pedra Grande,RN,0.43,0.526,210.52,0.48,47.63,2.47,8.61,11.11,2.4
2409605,Pedra Preta,RN,0.435,0.53,21.63,0.56,52.53,23.09,9.35,2.34,2.3
2409704,Pedro Avelino,RN,0.435,0.577,289.53,0.52,35.73,28.15,8.94,8.25,2.2
2409803,Pedro Velho,RN,0.442,0.562,26.38,0.51,40.74,31.53,9.5,13.22,2.8
2409902,Pendências,RN,0.526,0.633,412.01,0.55,25.5,22.97,9.06,19.2,2.9
2410009,Pilões,RN,0.527,0.566,270.87,0.47,35.11,29.59,9.26,15.51,2.2
2410108,Poço Branco,RN,0.471,0.562,26.39,0.56,44.06,29.64,9.1,7.67,2.6
2410207,Portalegre,RN,0.547,0.581,29.69,0.52,36.04,2.38,9.69,7.79,3.5
2410256,Porto do Mangue,RN,0.504,0.558,257.49,0.55,47.11,27.66,9.53,13.48,2.9
2410306,Serra Caiada,RN,0.453,0.552,247.77,0.56,44.94,32.07,8.81,6.83,3.3
2410405,Pureza,RN,0.456,0.516,198.93,0.53,54.16,28.22,8.75,9.36,2.5
2410504,Rafael Fernandes,RN,0.518,0.588,311.04,0.45,29.99,24.43,9.91,6.83,3.5
2410603,Rafael Godeiro,RN,0.607,0.583,300.88,0.49,34.67,25.81,10.88,16.58,4.2
2410702,Riacho da Cruz,RN,0.487,0.545,237.37,0.47,39.06,25.85,8.52,25.27,2.4
2410801,Riacho de Santana,RN,0.489,0.545,237.37,0.5,42.55,27.45,9.23,12.65,2.9
2410900,Riachuelo,RN,0.481,0.561,262.85,0.54,44.06,30.28,8.43,19.36,2.5
2411007,Rodolfo Fernandes,RN,0.519,0.561,263.32,0.46,38.54,30.44,9.58,12.63,2.7
2411056,Tibau,RN,0.53,0.627,396.51,0.55,25.79,22.61,9.61,7.22,2.7
2411106,Ruy Barbosa,RN,0.517,0.548,241.96,0.51,45.02,30.96,9.54,11.93,2.6
2411205,Santa Cruz,RN,0.564,0.597,327.61,0.52,34.56,24.23,9.73,9.87,2.5
2411403,Santana do Matos,RN,0.482,0.559,258.64,0.55,43.45,28.98,8.92,9.44,3.3
2411429,Santana do Seridó,RN,0.58,0.595,325.16,0.41,24.2,19.54,8.92,6.36,3.7
2411502,Santo Antônio,RN,0.512,0.595,323.81,0.57,38.2,3.04,9.29,10.08,2.9
2411601,São Bento do Norte,RN,0.415,0.541,231.17,0.54,49.87,32.41,7.89,19.18,3.3
2411700,São Bento do Trairí,RN,0.525,0.526,210.78,0.49,47.25,28.19,9.17,5.82,2.4
2411809,São Fernando,RN,0.508,0.591,316.21,0.44,24.88,2.72,9.45,6.68,3.4
2411908,São Francisco do Oeste,RN,0.547,0.581,298.15,0.41,25.45,26.86,9.25,8.15,3.3
2412005,São Gonçalo do Amarante,RN,0.564,0.619,377.16,0.44,18.83,14.74,9.18,12.38,2.9
2412104,São João do Sabugi,RN,0.581,0.62,37.92,0.47,24.26,20.42,9.73,4.14,3.5
2412203,São José de Mipibu,RN,0.508,0.599,331.85,0.55,37.28,24.52,9.01,11.48,2.3
2412302,São José do Campestre,RN,0.522,0.564,267.55,0.5,39.43,29.13,9.45,9.02,2.4
2412401,São José do Seridó,RN,0.647,0.634,414.22,0.43,16.28,16.23,10.01,3.57,4.1
2412500,São Miguel,RN,0.518,0.574,28.52,0.53,38.55,30.17,10.27,7.71,3.7
2412559,São Miguel do Gostoso,RN,0.468,0.558,25.71,0.51,42.01,29.63,8.79,7.39,3.1
2412609,São Paulo do Potengi,RN,0.555,0.584,303.74,0.48,32.43,25.22,9.19,13.82,2.8
2412708,São Pedro,RN,0.449,0.574,285.21,0.52,39.67,30.39,8.96,11.53,2.9
2412807,São Rafael,RN,0.493,0.588,309.77,0.52,33.38,31.55,10.07,9.36,2.1
2412906,São Tomé,RN,0.461,0.565,268.71,0.49,36.86,30.91,8.94,7.56,2.5
2413003,São Vicente,RN,0.556,0.606,346.89,0.52,29.46,23.22,9.24,2.85,3.5
2413102,Senador Elói de Souza,RN,0.504,0.523,207.76,0.5,48.58,31.07,9.53,6.11,2.3
2413201,Senador Georgino Avelino,RN,0.455,0.543,234.85,0.43,39.67,27.45,7.72,12.45,2.2
2413300,Serra de São Bento,RN,0.482,0.551,247.06,0.53,43.8,37.01,9,11.53,2.7
2413359,Serra do Mel,RN,0.521,0.574,284.48,0.5,33.57,25.15,9.19,10.46,2.9
2413409,Serra Negra do Norte,RN,0.468,0.578,292.16,0.42,27.78,25.16,8.47,2.92,3.7
2413508,Serrinha,RN,0.502,0.547,240.51,0.52,44.27,31.62,10.2,5.25,3.5
2413557,Serrinha dos Pintos,RN,0.492,0.555,252.46,0.5,38.39,26.27,9.42,9.14,3.3
2413607,Severiano Melo,RN,0.522,0.579,293.49,0.52,40.01,28.24,9.41,11.28,2.5
2413706,Sítio Novo,RN,0.491,0.528,214.04,0.46,44.04,31.22,9.74,9.34,3.4
2413805,Taboleiro Grande,RN,0.507,0.57,277.54,0.48,37.62,23.23,10.36,7.4,3.6
2413904,Taipu,RN,0.435,0.544,235.78,0.45,41.08,34.33,8.41,7.75,2.3
2414001,Tangará,RN,0.516,0.566,270.47,0.52,40.15,26.77,9.32,10.81,2.7
2414100,Tenente Ananias,RN,0.468,0.57,276.94,0.46,30.98,26.35,8.43,6.38,3.2
2414159,Tenente Laurentino Cruz,RN,0.586,0.559,259.72,0.47,38.97,21.96,10.62,4.23,3.9
2414209,Tibau do Sul,RN,0.504,0.672,523.75,0.6,25.13,21.48,7.7,8.07,2.7
2414308,Timbaúba dos Batistas,RN,0.591,0.614,365.42,0.36,11.76,23.23,10.18,2.66,3.9
2414456,Triunfo Potiguar,RN,0.516,0.579,294.09,0.48,35.84,29.83,9.89,8.75,3.4
2414506,Umarizal,RN,0.506,0.59,31.36,0.51,33.29,25.54,9.84,7.72,3.1
2414605,Upanema,RN,0.516,0.542,233.97,0.54,45.63,28.69,8.6,7.42,2.9
2414704,Várzea,RN,0.552,0.577,289.33,0.48,33.25,31.24,10.16,11.01,2.5
2414753,Venha-Ver,RN,0.473,0.501,180.53,0.5,48.98,32.42,8.93,13.71,3
2414803,Vera Cruz,RN,0.494,0.558,258.12,0.42,31.47,31.68,9.16,3.58,3.4
2414902,Viçosa,RN,0.502,0.552,24.79,0.47,36.19,22.42,8.99,14.62,3.1
2415008,Vila Flor,RN,0.471,0.561,262.96,0.46,30.15,23.99,8.45,18.63,2.3
2500106,Água Branca,PB,0.484,0.542,233.65,0.54,46.27,26.36,7.87,4.22,3.6
2500205,Aguiar,PB,0.447,0.632,407.32,0.65,38.4,37.65,9.36,4.22,3.7
2500304,Alagoa Grande,PB,0.43,0.576,287.94,0.53,39.36,3.47,7.78,9.81,2.9
2500403,Alagoa Nova,PB,0.451,0.567,272.81,0.54,43.82,28.54,8.97,6.8,3.3
2500502,Alagoinha,PB,0.462,0.574,284.64,0.52,42.05,35.29,9.01,6.44,2.9
2500536,Alcantil,PB,0.458,0.55,245.01,0.48,41.92,3.06,7.82,3.3,3.7
2500577,Algodão de Jandaíra,PB,0.413,0.532,21.87,0.47,44.78,32.68,9.03,7.01,3.1
2500601,Alhandra,PB,0.465,0.544,236.14,0.45,39.52,26.27,8.67,13.28,2.8
2500700,São João do Rio do Peixe,PB,0.49,0.586,306.87,0.53,38.29,27.83,9.45,7.13,2.8
2500734,Amparo,PB,0.551,0.537,22.55,0.5,47.32,21.49,9.7,10.28,3.6
2500775,Aparecida,PB,0.456,0.567,271.98,0.51,38.01,29.29,9.09,9.01,3.1
2500809,Araçagi,PB,0.412,0.54,230.52,0.53,47.59,3.86,8.13,5.76,3
2501005,Araruna,PB,0.439,0.549,244.02,0.52,44.45,39.54,9.56,5.66,2.9
2501104,Areia,PB,0.467,0.593,319.92,0.55,36.99,29.96,9.1,6.36,3.3
2501153,Areia de Baraúnas,PB,0.462,0.566,270.54,0.46,37.49,32.56,9.79,6.38,2.8
2501203,Areial,PB,0.503,0.573,282.18,0.49,37.1,26.65,9.73,5.34,3.2
2501302,Aroeiras,PB,0.411,0.537,226.05,0.58,51.12,35.56,8.23,5.78,2.7
2501351,Assunção,PB,0.51,0.601,336.67,0.54,34.81,26.26,9.41,8.08,3.2
2501401,Baía da Traição,PB,0.495,0.541,231.78,0.58,51.72,2.52,8.8,9.36,3.2
2501500,Bananeiras,PB,0.43,0.555,25.33,0.59,48.12,35.39,8.74,7.04,3
2501534,Baraúna,PB,0.459,0.526,211.36,0.51,45.85,28.29,9.12,8.28,2.9
2501575,Barra de Santana,PB,0.465,0.526,211.08,0.5,49.7,30.94,9.05,6.38,2.7
2501609,Barra de Santa Rosa,PB,0.434,0.542,233.51,0.52,47.35,37.21,8.39,4.66,2.8
2501708,Barra de São Miguel,PB,0.44,0.584,302.44,0.45,31.77,23.61,8.77,1.36,3.9
2501807,Bayeux,PB,0.566,0.619,376.74,0.46,20.28,15.49,9.02,12.22,3.1
2501906,Belém,PB,0.492,0.557,25.62,0.49,39.82,34.08,9,8.16,2.8
2502003,Belém do Brejo do Cruz,PB,0.451,0.55,245.71,0.46,38.54,38.15,8.97,8.72,3.5
2502052,Bernardino Batista,PB,0.462,0.526,211.04,0.55,51.3,30.83,9.66,5.47,3.2
2502102,Boa Ventura,PB,0.48,0.566,271.06,0.46,34.05,29.33,9.13,7.11,2.6
2502151,Boa Vista,PB,0.582,0.59,314.11,0.42,24.29,16.01,10.49,5.27,2.7
2502201,Bom Jesus,PB,0.477,0.584,303.29,0.5,33.6,25.16,9.73,13.01,3.6
2502300,Bom Sucesso,PB,0.494,0.558,25.79,0.45,37.31,30.94,10.07,5.39,3.3
2502409,Bonito de Santa Fé,PB,0.427,0.564,267.09,0.52,40.59,29.26,7.48,4.12,3
2502508,Boqueirão,PB,0.496,0.592,319.11,0.46,30.31,24.08,9.14,6.41,2.8
2502607,Igaracy,PB,0.496,0.575,286.68,0.52,38.65,32.19,9.23,5.4,2.8
2502706,Borborema,PB,0.426,0.544,236.01,0.5,45.57,32.56,8.39,5.98,2.8
2502805,Brejo do Cruz,PB,0.463,0.575,28.72,0.47,33.44,31.58,8.95,7.53,2.9
2502904,Brejo dos Santos,PB,0.541,0.564,26.76,0.46,33.43,28.37,10.02,21.25,2.8
2503001,Caaporã,PB,0.509,0.565,268.46,0.47,34.74,23.86,8.97,12.39,2.8
2503100,Cabaceiras,PB,0.523,0.574,283.93,0.46,34.32,18.04,9.63,7.91,4
2503209,Cabedelo,PB,0.651,0.782,1036.21,0.7,15.61,10.67,9.85,12.29,3.3
2503308,Cachoeira dos Índios,PB,0.453,0.583,301.77,0.5,35.41,27.27,9.04,8.86,2.7
2503407,Cacimba de Areia,PB,0.497,0.553,249.79,0.49,34.74,26.83,8.82,3.8,2.8
2503506,Cacimba de Dentro,PB,0.419,0.551,246.21,0.53,43.92,38.84,9.02,6.62,3
2503555,Cacimbas,PB,0.425,0.501,181.17,0.53,54.82,36.11,8.68,7.67,2.5
2503605,Caiçara,PB,0.488,0.58,294.68,0.51,36.18,34.16,9.08,8.1,3
2503704,Cajazeiras,PB,0.574,0.668,511.56,0.56,21.8,19.45,9.92,6.68,3
2503753,Cajazeirinhas,PB,0.413,0.521,205.12,0.5,46.83,34.81,8.32,2.65,4
2503803,Caldas Brandão,PB,0.451,0.562,264.06,0.47,33.13,35.88,8.87,9.17,2.8
2503902,Camalaú,PB,0.431,0.549,242.92,0.46,39.77,29.73,8,6.62,3.1
2504009,Campina Grande,PB,0.654,0.702,630.03,0.58,16.34,11.68,9.69,11.1,2.9
2504033,Capim,PB,0.4,0.52,203.67,0.48,45.4,39.85,8.32,20.8,2.9
2504074,Caraúbas,PB,0.485,0.58,296.38,0.45,32,19.09,8.73,2.98,3.1
2504108,Carrapateira,PB,0.543,0.529,214.54,0.47,43.95,28.08,9.14,2.1,3.9
2504157,Casserengue,PB,0.379,0.492,171.37,0.57,60.98,41.06,8.79,2.85,3.2
2504207,Catingueira,PB,0.455,0.553,249.16,0.52,44.24,35.77,9.15,11.71,3.4
2504306,Catolé do Rocha,PB,0.539,0.617,371.92,0.5,25.92,23.14,9.38,8.23,3.2
2504355,Caturité,PB,0.502,0.617,371.05,0.56,32.76,22.44,9.39,2.06,3
2504405,Conceição,PB,0.476,0.577,290.63,0.56,41.03,32.72,8.4,8.95,2.5
2504504,Condado,PB,0.476,0.573,282.25,0.48,36.04,29.61,9.08,7.33,3.2
2504603,Conde,PB,0.5,0.591,316.81,0.52,33.02,23.19,8.69,8.06,2.7
2504702,Congo,PB,0.477,0.562,263.84,0.49,39.52,28.54,7.97,2.87,3.3
2504801,Coremas,PB,0.452,0.578,29.13,0.51,39.64,33.41,8.94,8.64,3
2504850,Coxixola,PB,0.567,0.586,306.15,0.48,33.86,21.21,9.41,4.82,2.8
2504900,Cruz do Espírito Santo,PB,0.408,0.531,217.47,0.43,41.99,33.05,8.03,9.13,2.4
2505006,Cubati,PB,0.448,0.545,237.71,0.48,43.48,27.75,9.5,9.53,3.3
2505105,Cuité,PB,0.47,0.574,284.57,0.51,39.34,31.72,9.15,5.1,3.8
2505204,Cuitegi,PB,0.45,0.563,265.78,0.49,39.28,34.36,8.14,14.81,2.9
2505238,Cuité de Mamanguape,PB,0.398,0.529,214.92,0.48,45.65,41.21,7.52,15.72,2.5
2505279,Curral de Cima,PB,0.392,0.528,21.44,0.52,50.03,4.05,8.23,3.87,3.4
2505303,Curral Velho,PB,0.491,0.613,362.28,0.59,37.35,34.92,9.05,12.18,2.8
2505352,Damião,PB,0.391,0.503,182.89,0.49,55.88,39.66,9.35,3.4,3.1
2505402,Desterro,PB,0.49,0.551,247.16,0.54,45.85,25.49,8.96,4.66,3.4
2505501,Vista Serrana,PB,0.424,0.554,251.49,0.47,36.01,25.55,8.88,4.85,2.9
2505600,Diamante,PB,0.496,0.562,264.08,0.55,44.37,3.03,8.74,11.22,2.4
2505709,Dona Inês,PB,0.447,0.524,208.12,0.54,54.57,39.32,9.53,4.54,4
2505808,Duas Estradas,PB,0.488,0.565,269.85,0.51,41.23,30.58,8.76,4.99,2.9
2505907,Emas,PB,0.492,0.554,251.41,0.46,40.16,30.43,10.44,9.16,3
2506004,Esperança,PB,0.526,0.598,330.66,0.54,35.6,26.04,9.52,8.92,3.5
2506103,Fagundes,PB,0.432,0.543,235.02,0.52,45.51,32.24,8.69,4.75,2.5
2506202,Frei Martinho,PB,0.542,0.631,405.38,0.57,29.34,29.96,10.01,3.19,3.3
2506251,Gado Bravo,PB,0.373,0.491,170.29,0.56,58.49,32.83,8.36,4.55,2.8
2506301,Guarabira,PB,0.586,0.641,430.83,0.53,24.23,20.25,9.23,9.12,2.4
2506400,Gurinhém,PB,0.435,0.544,235.88,0.45,40.47,37.77,8.36,5.82,2.5
2506509,Gurjão,PB,0.581,0.576,288.53,0.45,32.13,21.02,10.12,5.3,2.8
2506608,Ibiara,PB,0.479,0.548,242.08,0.53,43.87,37.98,9.26,6.73,3.1
2506707,Imaculada,PB,0.461,0.524,208.83,0.52,47.71,30.75,8.98,3.42,2.8
2506806,Ingá,PB,0.471,0.573,282.85,0.49,34.75,36.42,9.27,8.79,2.8
2506905,Itabaiana,PB,0.536,0.592,319.34,0.5,34.43,27.46,9.15,8.37,2.6
2507002,Itaporanga,PB,0.517,0.607,349.02,0.5,30.81,22.84,9.37,10.66,2.4
2507101,Itapororoca,PB,0.437,0.543,235.44,0.48,42.48,33.62,9.04,10.15,2.9
2507200,Itatuba,PB,0.436,0.549,244.16,0.49,43.44,38.07,8.36,9.53,2.4
2507309,Jacaraú,PB,0.435,0.554,250.76,0.54,45.62,32.93,8.88,7.96,3.4
2507408,Jericó,PB,0.476,0.577,290.17,0.51,33.33,2.88,9.88,8.62,3.3
2507507,João Pessoa,PB,0.693,0.77,964.82,0.62,11.59,8.11,9.87,10.33,3.6
2507606,Juarez Távora,PB,0.465,0.544,236.56,0.48,42.08,35.85,9.04,5.28,2.8
2507705,Juazeirinho,PB,0.435,0.557,255.68,0.51,40.72,26.01,8.62,4.33,2.3
2507804,Junco do Seridó,PB,0.576,0.571,280.15,0.47,33.64,21.71,9.44,7.21,2.7
2507903,Juripiranga,PB,0.448,0.544,23.56,0.53,46.18,34.34,8.67,9.47,2.5
2508000,Juru,PB,0.443,0.552,247.78,0.51,41.84,33.41,8.2,5.2,3.1
2508109,Lagoa,PB,0.448,0.533,219.92,0.45,42.27,33.84,9.06,5.7,3
2508208,Lagoa de Dentro,PB,0.444,0.539,22.88,0.52,46.93,3.19,8.38,10,3.2
2508307,Lagoa Seca,PB,0.516,0.621,380.73,0.54,31.8,21.26,8.53,7.21,3.1
2508406,Lastro,PB,0.38,0.532,219.67,0.44,38.53,31.09,9.74,21.51,2.9
2508505,Livramento,PB,0.473,0.523,207.73,0.5,48.84,23.13,8.7,3.3,3.4
2508554,Logradouro,PB,0.47,0.544,236.33,0.42,38.52,34.11,9.29,4.08,3.4
2508604,Lucena,PB,0.469,0.577,289.29,0.55,42.91,25.32,8.08,10.66,3
2508703,Mãe d'Água,PB,0.429,0.52,202.88,0.5,46.84,3.02,9.09,8.41,2.9
2508802,Malta,PB,0.533,0.62,378.53,0.58,32.54,27.97,9.66,10.5,3.2
2508901,Mamanguape,PB,0.453,0.585,305.46,0.52,37.04,2.79,8.53,13.77,2.7
2509008,Manaíra,PB,0.426,0.537,225.93,0.53,47.91,35.01,8.25,4.73,3.1
2509057,Marcação,PB,0.408,0.525,209.46,0.51,47.34,33.33,7.91,4.81,2.1
2509107,Mari,PB,0.429,0.553,250.22,0.46,38.18,35.54,9,9.74,2.8
2509156,Marizópolis,PB,0.512,0.582,299.15,0.51,34.8,27.07,9.59,9.55,3
2509206,Massaranduba,PB,0.441,0.552,247.98,0.46,36.48,30.75,8.97,6.83,3.1
2509305,Mataraca,PB,0.427,0.533,219.95,0.48,45.29,27.14,8.53,13.13,2.8
2509339,Matinhas,PB,0.4,0.531,21.76,0.44,43.67,31.61,8.34,4.22,3.5
2509396,Maturéia,PB,0.474,0.54,230.63,0.51,45.01,28.13,9.51,6.01,3.3
2509404,Mogeiro,PB,0.481,0.538,227.05,0.5,44.98,32.28,8.7,11.12,3
2509503,Montadas,PB,0.505,0.545,238.17,0.47,39.35,25.28,9.04,3.17,3
2509602,Monte Horebe,PB,0.463,0.579,292.96,0.54,40.78,29.46,8.01,7.25,3.1
2509701,Monteiro,PB,0.558,0.625,392.05,0.57,31.19,27.38,9.7,4.89,3.4
2509909,Natuba,PB,0.432,0.516,198.68,0.54,54.86,38.93,9.18,4.64,2.9
2510006,Nazarezinho,PB,0.449,0.528,213.53,0.52,48.25,3.15,8.92,5.65,3.1
2510105,Nova Floresta,PB,0.498,0.576,287.45,0.51,40.01,28.62,9.57,5.78,3.1
2510204,Nova Olinda,PB,0.453,0.557,255.69,0.52,41.01,31.75,7.99,10.57,3.1
2510402,Olho d'Água,PB,0.452,0.533,220.96,0.55,48.89,33.58,9.39,6.18,2.7
2510501,Olivedos,PB,0.54,0.531,217.32,0.49,48.31,19.37,8.32,11.53,2.6
2510600,Ouro Velho,PB,0.518,0.585,305.23,0.47,33.36,22.91,6.98,5.45,3.2
2510709,Passagem,PB,0.534,0.566,270.29,0.51,38.25,29.23,10.74,9.3,3.6
2510808,Patos,PB,0.628,0.667,508.52,0.56,18.86,18.42,10.14,8.89,3.1
2510907,Paulista,PB,0.461,0.587,308.48,0.49,33.87,3.22,9.25,3.97,4
2511004,Pedra Branca,PB,0.532,0.532,219.29,0.5,45.9,25.55,9.34,19.93,2.9
2511103,Pedra Lavrada,PB,0.458,0.564,267.79,0.49,38.47,27.76,9.31,5.71,3.8
2511202,Pedras de Fogo,PB,0.468,0.568,273.39,0.53,41.27,30.27,9.32,9.97,2.8
2511301,Piancó,PB,0.55,0.593,321.21,0.53,35,29.26,9.39,8.95,2.5
2511400,Picuí,PB,0.506,0.596,326.53,0.53,33.95,24.66,8.98,6.03,4
2511509,Pilar,PB,0.461,0.544,236.08,0.49,41.05,31.64,9.36,9.44,2.7
2511608,Pilões,PB,0.409,0.559,2.59,0.59,46.12,36.17,7.94,6.92,3.2
2511707,Pilõezinhos,PB,0.421,0.532,218.98,0.43,40.66,33.23,7.79,3.5,2.8
2511806,Pirpirituba,PB,0.499,0.566,270.98,0.52,39.96,2.99,8.54,9.86,3.2
2511905,Pitimbu,PB,0.456,0.538,227.76,0.51,47.7,27.59,8.99,7.09,2.8
2512002,Pocinhos,PB,0.477,0.556,253.75,0.46,38.75,25.15,9.1,8.62,2.8
2512036,Poço Dantas,PB,0.408,0.506,186.82,0.49,50.83,36.46,9.02,2.29,3.2
2512077,Poço de José de Moura,PB,0.497,0.578,291.18,0.45,32.12,27.03,9.26,4.74,3.6
2512101,Pombal,PB,0.515,0.629,40.16,0.54,26.6,26.08,9.03,7.87,3.7
2512200,Prata,PB,0.514,0.566,271.47,0.44,33.64,23.49,10.04,6.97,3.7
2512309,Princesa Isabel,PB,0.514,0.6,334.74,0.47,25.97,25.33,9.55,6.51,3.3
2512408,Puxinanã,PB,0.542,0.574,283.93,0.45,33.32,21.59,10.24,4.61,3.1
2512507,Queimadas,PB,0.489,0.578,29.25,0.46,31.78,22.56,8.95,8.11,2.9
2512606,Quixabá,PB,0.579,0.564,267.39,0.46,34.31,26.24,10.48,13.83,3.6
2512705,Remígio,PB,0.474,0.592,319.14,0.55,38.78,3.07,9.31,6.31,3.2
2512721,Pedro Régis,PB,0.399,0.529,215.39,0.51,48.88,42.86,8.95,5.21,3.1
2512747,Riachão,PB,0.481,0.515,197.04,0.49,47.37,31.48,9.66,3.4,3.1
2512762,Riachão do Poço,PB,0.426,0.537,225.44,0.49,43.06,33.63,9.14,4.49,3.1
2512804,Riacho dos Cavalos,PB,0.447,0.546,239.15,0.44,37.61,32.64,7.89,4.51,2.5
2512903,Rio Tinto,PB,0.48,0.562,26.45,0.5,40.28,26.56,8.68,11.46,2.9
2513000,Salgadinho,PB,0.454,0.531,217.39,0.46,42.28,33.02,9.16,5.76,2.8
2513109,Salgado de São Félix,PB,0.448,0.531,217.45,0.5,45.74,36.87,8.25,7.88,2.8
2513158,Santa Cecília,PB,0.402,0.515,197.49,0.48,50.59,35.61,8.49,1.56,3.1
2513208,Santa Cruz,PB,0.523,0.578,291.16,0.46,30.87,28.18,10.42,4.28,3.1
2513307,Santa Helena,PB,0.504,0.57,277.52,0.5,36.89,26.11,10.11,14.11,3.7
2513356,Santa Inês,PB,0.492,0.54,229.72,0.55,48.87,32.15,9.12,14.18,2.9
2513406,Santa Luzia,PB,0.635,0.62,37.93,0.51,28.12,20.02,9.78,7.86,3.5
2513505,Santana de Mangueira,PB,0.414,0.488,166.28,0.54,58.22,36.29,7.85,6.64,3.9
2513604,Santana dos Garrotes,PB,0.479,0.568,274.26,0.48,36.73,35.17,9.4,6.96,2.7
2513653,Joca Claudino,PB,0.568,0.553,249.67,0.44,34.96,35.85,10.45,2.24,3.2
2513703,Santa Rita,PB,0.534,0.597,328.16,0.46,26.14,20.61,8.95,11.76,2.8
2513802,Santa Teresinha,PB,0.513,0.586,306.95,0.59,37.24,27.14,10.14,6.8,4.1
2513851,Santo André,PB,0.476,0.568,273.72,0.47,32.13,27.15,9.35,4.65,3.5
2513901,São Bento,PB,0.424,0.597,328.99,0.47,28.67,33.59,8.32,2.95,3.4
2513927,São Bentinho,PB,0.491,0.575,286.99,0.46,36.03,3.28,9.52,6.67,4.4
2513943,São Domingos do Cariri,PB,0.438,0.603,341.56,0.47,28.06,23.81,8.52,5.22,3.8
2513968,São Domingos,PB,0.394,0.555,253.36,0.46,34.76,38.55,8.93,5.83,3.4
2513984,São Francisco,PB,0.481,0.56,261.15,0.45,34.4,31.46,10.02,5.05,3.5
2514008,São João do Cariri,PB,0.488,0.618,373.55,0.53,28.35,18.73,9.17,5.71,3.3
2514107,São João do Tigre,PB,0.424,0.523,207.42,0.51,48.97,35.78,7.27,2.47,3.8
2514206,São José da Lagoa Tapada,PB,0.389,0.53,216.66,0.49,43.46,42.35,8.14,5.36,3.3
2514305,São José de Caiana,PB,0.434,0.545,238.28,0.44,39,32.19,7.87,3.38,3.1
2514453,São José dos Ramos,PB,0.406,0.527,212.12,0.51,46.85,38.36,8.61,5,3.1
2514503,São José de Piranhas,PB,0.461,0.594,321.53,0.5,32.25,25.03,9.19,7.05,2.6
2514552,São José de Princesa,PB,0.443,0.533,221.16,0.45,37.83,3.11,8.23,5.01,3.2
2514602,São José do Bonfim,PB,0.493,0.549,244.14,0.48,40.09,26.58,9.34,6.88,2.8
2514651,São José do Brejo do Cruz,PB,0.473,0.535,223.11,0.46,45.47,27.92,8.32,15.89,3.6
2514701,São José do Sabugi,PB,0.514,0.584,302.36,0.43,28.25,27.22,10.2,3.06,3.7
2514800,São José dos Cordeiros,PB,0.407,0.542,233.71,0.49,43.76,22.64,9.24,4.11,3.2
2514909,São Mamede,PB,0.558,0.617,371.01,0.52,29.02,24.75,9.4,6.45,3.8
2515005,São Miguel de Taipu,PB,0.443,0.516,198.63,0.49,49.99,40.92,8.86,3.06,3
2515104,São Sebastião de Lagoa de Roça,PB,0.471,0.561,262.87,0.48,40.51,26.02,9.07,7.06,3.7
2515203,São Sebastião do Umbuzeiro,PB,0.459,0.561,263.04,0.46,39.48,25.13,9.81,7.83,3.1
2515302,Sapé,PB,0.461,0.563,266.29,0.5,36.79,3.08,8.62,13.37,2.6
2515401,São Vicente do Seridó,PB,0.453,0.528,214.38,0.47,45.71,22.86,8.69,6.62,2.9
2515500,Serra Branca,PB,0.537,0.598,330.05,0.48,29.43,19.85,9.91,6.77,3.2
2515609,Serra da Raiz,PB,0.544,0.57,278.22,0.5,34.68,31.81,9.44,7.93,2.7
2515708,Serra Grande,PB,0.491,0.549,244.05,0.47,36.51,30.81,9.06,5.63,3.4
2515807,Serra Redonda,PB,0.424,0.565,268.53,0.48,38.17,3.19,8.72,5.25,2.1
2515906,Serraria,PB,0.392,0.536,22.42,0.5,47.72,4.12,7.87,5.16,2.4
2515930,Sertãozinho,PB,0.561,0.554,252.11,0.46,38.87,28.43,10.83,4.7,2.8
2515971,Sobrado,PB,0.477,0.525,210.08,0.49,44.39,3.33,9.43,7.5,2.8
2516003,Solânea,PB,0.468,0.592,318.38,0.56,40.38,31.21,8.89,7.51,3
2516102,Soledade,PB,0.506,0.598,330.05,0.51,32.04,20.08,9.88,5.61,2.5
2516201,Sousa,PB,0.567,0.645,443.81,0.54,24.19,22.53,9.71,10.1,3.1
2516300,Sumé,PB,0.534,0.602,339.68,0.5,30.91,25.49,9.64,8.5,2.5
2516409,Tacima,PB,0.45,0.513,195.07,0.49,49.73,30.76,8.56,10.57,2.8
2516508,Taperoá,PB,0.456,0.564,267.88,0.48,37.33,28.22,8.14,7.91,3.1
2516607,Tavares,PB,0.462,0.56,260.75,0.52,41.15,30.95,8.79,6.58,3.3
2516706,Teixeira,PB,0.527,0.566,271.44,0.55,45.28,23.97,8.87,6.27,3.5
2516755,Tenório,PB,0.49,0.565,269.63,0.43,28.42,29.09,8.16,6.57,2.7
2516805,Triunfo,PB,0.501,0.578,292.24,0.49,33.88,28.54,8.65,7.92,3.2
2516904,Uiraúna,PB,0.528,0.612,361.37,0.54,28.46,26.73,9.48,6.44,2.8
2517001,Umbuzeiro,PB,0.514,0.545,237.25,0.54,47.97,35.17,9.56,3.78,3.5
2517209,Vieirópolis,PB,0.455,0.537,226.49,0.45,39.28,37.93,9.56,9.47,3.5
2517407,Zabelê,PB,0.587,0.567,272.94,0.43,32.71,22.99,10.77,7.7,4
2600054,Abreu e Lima,PE,0.632,0.625,39.04,0.45,20.2,10.15,10.01,18.63,2.9
2600104,Afogados da Ingazeira,PE,0.565,0.623,386.56,0.56,31.66,23.12,9.67,8.2,3.7
2600203,Afrânio,PE,0.493,0.542,233.59,0.53,46.77,25.78,10.09,6.98,2.9
2600302,Agrestina,PE,0.47,0.581,297.02,0.48,33.9,32.35,8.78,7.52,3.4
2600401,Água Preta,PE,0.432,0.514,195.47,0.49,48.36,30.66,8.8,21.87,2.6
2600500,Águas Belas,PE,0.385,0.546,23.93,0.58,50.88,40.23,7.51,6.79,3.3
2600609,Alagoinha,PE,0.472,0.569,27.55,0.49,37.1,26.62,8.29,5.69,3.6
2600708,Aliança,PE,0.488,0.565,269.86,0.49,35.28,27.22,8.48,17.66,2.7
2600807,Altinho,PE,0.482,0.559,259.21,0.51,42.07,34.63,9.98,4.67,2.9
2600906,Amaraji,PE,0.454,0.575,286.59,0.5,37,30.92,8.9,10.92,2.6
2601003,Angelim,PE,0.448,0.555,253.26,0.58,48.55,3.34,8.57,4.4,3.7
2601052,Araçoiaba,PE,0.498,0.544,23.61,0.45,36.6,24.04,9.16,23.61,3.3
2601102,Araripina,PE,0.467,0.595,324.01,0.56,37.84,25.33,8.39,5.85,3.6
2601201,Arcoverde,PE,0.567,0.654,469.53,0.58,28.8,17.57,9.28,11.26,3.7
2601300,Barra de Guabiraba,PE,0.474,0.558,25.74,0.51,41.45,34.84,8.87,8.5,3
2601409,Barreiros,PE,0.491,0.561,26.32,0.54,42.13,23.56,8.09,18.04,2.6
2601508,Belém de Maria,PE,0.479,0.537,226.82,0.47,47.98,32.49,10.33,9.25,3.5
2601607,Belém do São Francisco,PE,0.553,0.611,357.77,0.63,40.02,21.71,9.36,7.78,4
2601706,Belo Jardim,PE,0.514,0.617,372.93,0.51,27.81,24.82,8.73,9.89,3.2
2601805,Betânia,PE,0.441,0.533,220.19,0.55,49.63,32.98,8.78,4.08,2.9
2601904,Bezerros,PE,0.487,0.608,351.75,0.52,30.07,28.12,8.86,9.39,3.8
2602001,Bodocó,PE,0.445,0.543,234.36,0.55,49.61,29.91,8.97,6.23,3
2602100,Bom Conselho,PE,0.433,0.585,305.57,0.62,48.42,34.05,8.47,7.99,3.1
2602209,Bom Jardim,PE,0.515,0.552,248.98,0.48,39.36,30.14,9.55,5.56,3.2
2602308,Bonito,PE,0.42,0.559,258.52,0.55,44.81,3.16,8.19,11.92,3.4
2602407,Brejão,PE,0.417,0.54,230.85,0.49,44.83,31.86,8.28,8.6,3.3
2602506,Brejinho,PE,0.493,0.563,266.21,0.49,37.49,25.37,9.6,6.98,2.9
2602605,Brejo da Madre de Deus,PE,0.417,0.581,29.67,0.47,31.16,32.31,7.98,5.67,2.7
2602704,Buenos Aires,PE,0.481,0.556,254.03,0.45,36.4,28.11,8.92,11.02,2.9
2602803,Buíque,PE,0.395,0.497,176.76,0.57,62.2,40.18,7.95,7.43,3.2
2602902,Cabo de Santo Agostinho,PE,0.609,0.654,467.07,0.53,19.71,13,9.33,17.27,3.1
2603009,Cabrobó,PE,0.539,0.581,298.14,0.58,43.43,23.71,9.38,10.35,3.7
2603108,Cachoeirinha,PE,0.439,0.587,308.18,0.48,33.67,32.13,8.62,6.25,3
2603207,Caetés,PE,0.392,0.497,176.77,0.6,59.51,38.63,8.29,3.47,3
2603306,Calçado,PE,0.468,0.529,215.47,0.53,51.63,32.38,9.83,1.8,3
2603405,Calumbi,PE,0.46,0.567,272.66,0.54,40.42,3.26,9.9,10.24,3.3
2603454,Camaragibe,PE,0.628,0.656,473.78,0.51,16.91,10.79,9.82,15.57,3.3
2603504,Camocim de São Félix,PE,0.472,0.585,305.53,0.53,38.93,31.95,8.68,10.33,3.8
2603603,Camutanga,PE,0.514,0.57,278.04,0.48,34.99,26.87,9.29,12.46,2.9
2603702,Canhotinho,PE,0.403,0.543,234.75,0.52,49.04,36.31,7.84,5.99,4.1
2603801,Capoeiras,PE,0.419,0.529,215.71,0.5,45.24,31.88,9.56,3.42,2.9
2603900,Carnaíba,PE,0.505,0.54,229.87,0.53,45.99,27.07,9.41,6.05,4.4
2603926,Carnaubeira da Penha,PE,0.508,0.491,170.02,0.56,62.04,27.46,8.65,8.11,3.7
2604007,Carpina,PE,0.619,0.63,403.76,0.5,23.54,16.09,9.59,12.45,3.4
2604106,Caruaru,PE,0.569,0.681,553.99,0.53,16.31,15.58,8.89,7.33,3.2
2604155,Casinhas,PE,0.489,0.518,200.83,0.45,44.08,31.43,9.08,9.08,3.1
2604205,Catende,PE,0.515,0.578,292.74,0.54,40.34,26.79,8.87,16.63,3.5
2604304,Cedro,PE,0.573,0.565,269.64,0.56,44.63,22.32,9.81,6.55,3.3
2604403,Chã de Alegria,PE,0.529,0.546,239.04,0.44,36.63,24.69,9.18,18.63,2.6
2604502,Chã Grande,PE,0.443,0.603,341.34,0.55,36.09,3.08,8.92,8.59,2.7
2604601,Condado,PE,0.527,0.581,297.68,0.53,36.09,27.23,9.06,15.63,2.5
2604700,Correntes,PE,0.385,0.551,24.72,0.52,45.52,32.51,8.33,4.93,2.3
2604809,Cortês,PE,0.478,0.541,232.22,0.47,42.14,28.89,9.29,7.05,2.9
2604908,Cumaru,PE,0.47,0.553,249.32,0.5,40.11,32.07,9.19,7.25,2.9
2605004,Cupira,PE,0.453,0.601,336.81,0.49,29.9,30.69,9.02,6.07,3.5
2605103,Custódia,PE,0.489,0.607,3.5,0.53,30.61,27.21,8.92,7.47,3.5
2605152,Dormentes,PE,0.495,0.558,257.72,0.47,37.74,26.22,8.59,3.32,4.2
2605202,Escada,PE,0.543,0.594,322.46,0.46,25.31,2.17,8.84,17.11,3.1
2605301,Exu,PE,0.454,0.543,234.83,0.57,52.25,25.22,8.66,7.86,3.7
2605400,Feira Nova,PE,0.46,0.581,29.65,0.48,33.53,29.32,9.44,8.85,3.5
2605459,Fernando de Noronha,PE,0.748,0.781,1034.14,0.46,2.2,5.01,10.76,2.94,4.6
2605509,Ferreiros,PE,0.519,0.589,311.83,0.5,30.13,28.44,9.44,11.4,3.3
2605608,Flores,PE,0.423,0.544,236.31,0.5,42.68,32.94,8.82,5.25,3.4
2605707,Floresta,PE,0.538,0.588,310.39,0.52,35.02,1.84,9.02,8.21,3.8
2605806,Frei Miguelinho,PE,0.438,0.575,286.08,0.46,33.96,31.52,8.48,4.24,3.8
2605905,Gameleira,PE,0.532,0.541,23.15,0.46,41.67,26.69,9.24,13.43,3
2606002,Garanhuns,PE,0.556,0.662,492.44,0.59,26.72,17.57,9.26,11.59,3.5
2606101,Glória do Goitá,PE,0.506,0.57,278.33,0.52,40.22,29.98,9.12,7.21,2.9
2606200,Goiana,PE,0.576,0.614,364.77,0.54,30.42,18.56,9.86,15.69,2.5
2606309,Granito,PE,0.502,0.543,23.49,0.54,48.35,27.12,8.73,3.53,3.8
2606408,Gravatá,PE,0.51,0.63,402.96,0.53,25.1,22.27,8.69,10.71,3.3
2606507,Iati,PE,0.369,0.518,200.95,0.55,52.28,39.37,7.86,4.77,2.6
2606606,Ibimirim,PE,0.446,0.533,220.98,0.51,47.87,31.97,8.53,7.32,3.3
2606705,Ibirajuba,PE,0.476,0.545,238.23,0.47,41.7,35.41,9.87,1.81,3
2606804,Igarassu,PE,0.606,0.622,38.41,0.48,20.9,1.42,9.92,17.43,2.7
2606903,Iguaraci,PE,0.48,0.58,295.88,0.54,43.66,28.45,8.1,8.37,3.3
2607000,Inajá,PE,0.4,0.503,182.73,0.6,63.21,35.98,6.93,8.39,2.9
2607109,Ingazeira,PE,0.51,0.575,286.41,0.53,39.35,26.87,8.98,7.17,3.4
2607208,Ipojuca,PE,0.499,0.613,362.68,0.5,27.22,20.64,8.65,14.91,2.9
2607307,Ipubi,PE,0.433,0.541,231.47,0.53,47.4,30.23,8.56,9.91,3.5
2607406,Itacuruba,PE,0.523,0.567,271.71,0.46,31.69,21.56,9.42,18.05,2.9
2607505,Itaíba,PE,0.364,0.531,218.32,0.51,49.22,39.73,7.84,4.15,2
2607604,Ilha de Itamaracá,PE,0.548,0.627,394.85,0.6,35.54,15.34,9.24,14.88,3.1
2607653,Itambé,PE,0.463,0.566,2.71,0.5,38.89,3.05,8.81,15.07,2.8
2607703,Itapetim,PE,0.494,0.598,331.14,0.55,36.76,25.63,9.13,5.71,3.3
2607752,Itapissuma,PE,0.564,0.589,312.47,0.54,33.57,18.53,10.23,12.79,2.9
2607802,Itaquitinga,PE,0.509,0.554,251.09,0.45,35.61,27.72,9.67,16.64,2.9
2607901,Jaboatão dos Guararapes,PE,0.642,0.692,59.39,0.58,17.61,9.13,9.25,14.1,3.1
2607950,Jaqueira,PE,0.454,0.557,256.76,0.59,48.84,32.67,8.91,18.1,3.1
2608008,Jataúba,PE,0.381,0.549,244.26,0.49,41.76,34.29,8.14,4.52,2.8
2608057,Jatobá,PE,0.573,0.604,342.33,0.57,38.48,22.63,9.47,10.6,4
2608107,João Alfredo,PE,0.466,0.569,276.15,0.49,37.34,3.57,9.09,5.89,3.9
2608206,Joaquim Nabuco,PE,0.449,0.561,263.01,0.48,36.26,29.65,8.9,14.86,3.1
2608255,Jucati,PE,0.451,0.541,232.08,0.5,44.61,32.67,9.57,1.45,3.3
2608305,Jupi,PE,0.487,0.56,260.42,0.5,41.93,32.19,9.33,2.99,3.6
2608404,Jurema,PE,0.372,0.522,206.22,0.51,48.57,37.95,8.89,4.23,4.1
2608453,Lagoa do Carro,PE,0.505,0.566,271.36,0.45,32.8,23.66,9.67,8.08,3.2
2608503,Lagoa de Itaenga,PE,0.509,0.555,25.28,0.45,37.41,26.86,9.84,11.27,2.6
2608602,Lagoa do Ouro,PE,0.369,0.536,224.13,0.51,48.01,40.14,7.15,7.74,3
2608701,Lagoa dos Gatos,PE,0.416,0.555,25.34,0.5,41.7,39.05,8.8,6.2,3.1
2608750,Lagoa Grande,PE,0.52,0.581,296.99,0.52,32.76,24.43,9.12,12.21,2.9
2608800,Lajedo,PE,0.503,0.599,333.52,0.5,33.28,26.23,9.77,5.93,2.9
2608909,Limoeiro,PE,0.583,0.628,398.37,0.51,24.77,20,9.9,9.7,3.6
2609006,Macaparana,PE,0.508,0.571,278.93,0.51,38.14,31.59,9.28,11.01,3.1
2609105,Machados,PE,0.466,0.541,231.75,0.48,42.83,29.35,8.49,8.17,2.9
2609154,Manari,PE,0.354,0.477,155.49,0.54,60.91,39.85,7.8,5.16,2.5
2609204,Maraial,PE,0.403,0.541,232.31,0.54,49.51,35.09,8.72,10.34,2.9
2609303,Mirandiba,PE,0.525,0.512,193.86,0.58,58.12,23.67,8.97,8.7,3.6
2609402,Moreno,PE,0.564,0.61,35.67,0.53,30.11,16.83,9.2,19.1,2.8
2609501,Nazaré da Mata,PE,0.604,0.608,351.46,0.49,26.63,1.92,9.58,13.13,3.3
2609600,Olinda,PE,0.675,0.704,640.13,0.55,15.18,7.03,9.63,13.66,2.8
2609709,Orobó,PE,0.528,0.545,237.64,0.52,42.83,29.41,9.95,6.61,3.5
2609808,Orocó,PE,0.553,0.536,224.41,0.51,49.17,23.97,10.18,5.6,3.5
2609907,Ouricuri,PE,0.419,0.578,291.75,0.6,43.46,28.77,7.86,9.28,3.4
2610004,Palmares,PE,0.55,0.588,311.09,0.49,32.14,21.46,8.79,16.89,3
2610103,Palmeirina,PE,0.438,0.554,251.44,0.51,47.29,33.07,8.17,15.67,2.9
2610202,Panelas,PE,0.433,0.546,238.61,0.56,49.52,38,9.45,6.12,3.6
2610301,Paranatama,PE,0.418,0.528,213.74,0.55,49.1,37.07,8.16,2.88,3.4
2610400,Parnamirim,PE,0.499,0.556,255.27,0.59,49.35,2.48,9.5,10.02,4.1
2610509,Passira,PE,0.487,0.559,259.04,0.5,40.63,32.15,9.44,9.84,3.3
2610608,Paudalho,PE,0.545,0.612,360.06,0.56,30.92,21.18,9.37,15.33,3.2
2610707,Paulista,PE,0.703,0.673,528.04,0.49,14.83,6.13,9.83,15.05,3.2
2610806,Pedra,PE,0.445,0.55,244.48,0.53,46.49,32.98,7.87,8.01,3.6
2610905,Pesqueira,PE,0.506,0.597,329.16,0.56,39.31,25.33,8.97,8.06,3.3
2611002,Petrolândia,PE,0.531,0.604,344.04,0.55,34.12,18.15,8.61,11.69,3.9
2611101,Petrolina,PE,0.611,0.695,605.06,0.62,19.61,12.04,9.25,10.86,3.7
2611200,Poção,PE,0.402,0.542,233.91,0.54,48.44,33.96,8.34,2.55,3.1
2611309,Pombos,PE,0.463,0.584,302.97,0.48,35.01,28.73,9.49,10.37,2.2
2611408,Primavera,PE,0.444,0.572,281.27,0.44,32.41,28.18,8.15,11.48,2.1
2611507,Quipapá,PE,0.427,0.53,215.92,0.48,46.59,36.45,8.97,8.42,2.9
2611533,Quixaba,PE,0.482,0.53,216.87,0.49,44.68,28.18,8.04,3.37,4.5
2611606,Recife,PE,0.698,0.798,1144.26,0.68,13.2,7.13,9.53,12.93,3.1
2611705,Riacho das Almas,PE,0.418,0.586,306.61,0.51,34.47,34.47,8.58,5.51,3.1
2611804,Ribeirão,PE,0.516,0.595,324.47,0.5,31.16,23.29,8.72,15.77,3.1
2612109,Salgadinho,PE,0.405,0.516,198.91,0.52,49.62,43.21,6.71,20.47,3.1
2612208,Salgueiro,PE,0.58,0.645,441.79,0.59,30.1,16.25,9.56,11.71,3.9
2612307,Saloá,PE,0.421,0.559,25.91,0.55,44.12,35.05,8.65,4.14,3.2
2612406,Sanharó,PE,0.514,0.564,267.58,0.51,41.54,25.83,9.4,13.1,3.7
2612455,Santa Cruz,PE,0.438,0.522,206.07,0.57,53.84,32.51,9.18,9.11,3.1
2612471,Santa Cruz da Baixa Verde,PE,0.523,0.557,256.26,0.51,41.67,26.02,10.47,5.88,4.3
2612505,Santa Cruz do Capibaribe,PE,0.506,0.667,507.05,0.45,10.26,16.01,8.34,2.67,3.3
2612554,Santa Filomena,PE,0.406,0.496,175.48,0.55,55.58,31.93,8.35,5.14,3
2612604,Santa Maria da Boa Vista,PE,0.472,0.564,267.86,0.55,43.26,2.12,8.26,7.08,3
2612703,Santa Maria do Cambucá,PE,0.393,0.571,27.91,0.46,33.69,35.38,8.63,2.26,2.8
2612802,Santa Terezinha,PE,0.524,0.54,229.83,0.51,46.61,2.47,8.86,17.92,3.3
2612901,São Benedito do Sul,PE,0.406,0.499,178.27,0.52,56.46,33.36,7.62,15.6,3.5
2613008,São Bento do Una,PE,0.446,0.593,319.47,0.6,41.95,29.57,8.53,7.11,3
2613107,São Caitano,PE,0.469,0.583,300.16,0.5,35.59,29.38,9.78,5.57,3.5
2613206,São João,PE,0.426,0.565,269.44,0.56,45.26,32.83,8.34,5.24,3.2
2613305,São Joaquim do Monte,PE,0.381,0.549,244.22,0.53,45.67,35.12,7.85,3.37,2.9
2613404,São José da Coroa Grande,PE,0.522,0.585,30.45,0.58,43.59,23.63,9.69,16.01,2.8
2613503,São José do Belmonte,PE,0.52,0.569,275.14,0.54,41.65,28.22,9.01,7.69,3.5
2613602,São José do Egito,PE,0.554,0.602,33.89,0.53,34.97,2.21,9.63,9.21,3.5
2613701,São Lourenço da Mata,PE,0.571,0.614,364.43,0.5,26.07,15.96,9.34,17.48,2.9
2613800,São Vicente Ferrer,PE,0.414,0.558,257.47,0.56,48.74,30.69,8.85,11.31,3.1
2613909,Serra Talhada,PE,0.571,0.632,407.34,0.56,30.39,21.03,9.59,7.59,3.7
2614006,Serrita,PE,0.512,0.542,233.56,0.56,49.47,26.25,10.22,6.65,3.1
2614105,Sertânia,PE,0.51,0.601,337.53,0.6,39.73,27.18,8.62,9.14,3.6
2614204,Sirinhaém,PE,0.492,0.568,273.75,0.44,34.24,25.43,8.78,15.96,2.6
2614303,Moreilândia,PE,0.54,0.522,206.11,0.54,53.67,25.13,10.15,5.3,3.8
2614402,Solidão,PE,0.485,0.547,240.64,0.56,48.01,25.96,9.18,5.89,3.6
2614501,Surubim,PE,0.548,0.617,372.11,0.52,27.55,24.87,8.85,6.99,3.5
2614600,Tabira,PE,0.504,0.57,278.14,0.51,37.88,23.09,8.67,8.01,3.9
2614709,Tacaimbó,PE,0.423,0.536,225.21,0.5,44.15,36.79,8.17,4.09,3.1
2614808,Tacaratu,PE,0.507,0.521,205.06,0.49,45.82,25.11,9.19,6.76,3.4
2614857,Tamandaré,PE,0.479,0.583,301.15,0.55,37.67,22.95,8.22,14,3
2615003,Taquaritinga do Norte,PE,0.52,0.636,419.74,0.42,16.74,22.95,8.75,5.21,3.7
2615102,Terezinha,PE,0.425,0.536,225.28,0.53,50.18,37.15,8.43,4.89,3.7
2615201,Terra Nova,PE,0.533,0.545,237.89,0.49,43.32,20.94,10.14,10.46,3.9
2615300,Timbaúba,PE,0.519,0.592,31.88,0.5,31.94,21.39,9,12.61,3.6
2615508,Tracunhaém,PE,0.504,0.567,272.81,0.46,34.14,25.21,8.78,11.65,3.4
2615607,Trindade,PE,0.455,0.602,338.39,0.57,37.28,25.56,7.84,9.34,3.6
2615706,Triunfo,PE,0.591,0.624,389.44,0.56,32.22,16.95,10.06,4.24,4.5
2615805,Tupanatinga,PE,0.379,0.494,172.52,0.61,62.13,38.41,8.46,5.01,2.7
2615904,Tuparetama,PE,0.557,0.612,360.29,0.47,25.44,21.43,9.21,5.51,4.2
2616001,Venturosa,PE,0.484,0.57,276.94,0.52,43.28,2.76,8.26,8.17,4.3
2616100,Verdejante,PE,0.52,0.56,260.66,0.54,44.76,26.35,10.06,9.75,3.3
2616183,Vertente do Lério,PE,0.461,0.532,219.88,0.45,42.05,33.24,9.11,3.55,3.7
2616209,Vertentes,PE,0.45,0.602,337.92,0.46,27.5,24.44,8.21,5.07,3.8
2616308,Vicência,PE,0.534,0.551,246.44,0.48,38.9,2.35,9.17,16.23,2.9
2616407,Vitória de Santo Antão,PE,0.543,0.629,401.16,0.54,25.19,21.77,9.41,12.89,2.7
2616506,Xexéu,PE,0.436,0.549,243.39,0.49,42.44,33.29,8.7,18.23,2.8
2700102,Água Branca,AL,0.432,0.527,2.13,0.56,52.87,30.92,8.66,4.16,2.5
2700201,Anadia,AL,0.444,0.546,239.53,0.53,47.59,36.16,8.64,14.37,2.4
2700300,Arapiraca,AL,0.549,0.638,423.28,0.55,26.65,22.45,9.61,8.88,3.1
2700409,Atalaia,AL,0.431,0.545,237.33,0.5,42.73,33.57,8.29,15.2,3
2700508,Barra de Santo Antônio,AL,0.428,0.552,247.81,0.52,44.24,27.94,8.25,12.94,2.5
2700607,Barra de São Miguel,AL,0.475,0.638,422.78,0.55,23.89,23.71,8.46,7.37,2
2700706,Batalha,AL,0.496,0.563,265.62,0.49,39.85,30.84,8.54,9.85,3.3
2700805,Belém,AL,0.464,0.587,30.95,0.56,37.05,33.33,9.35,6.46,2.7
2700904,Belo Monte,AL,0.376,0.507,187.77,0.65,60.98,38.11,8.22,4.51,2.5
2701001,Boca da Mata,AL,0.518,0.56,26.02,0.51,42.95,27.32,9.95,15.27,2.1
2701100,Branquinha,AL,0.362,0.534,221.93,0.42,40.52,41.58,8.04,8.32,2.3
2701209,Cacimbinhas,AL,0.384,0.559,259.72,0.6,48.26,40.61,9.13,9.08,2.2
2701308,Cajueiro,AL,0.473,0.542,232.85,0.49,40.86,33.86,8.78,15.51,2.2
2701357,Campestre,AL,0.435,0.55,245.43,0.47,39.34,32.41,8.59,13.3,2.5
2701407,Campo Alegre,AL,0.47,0.531,217.72,0.47,43.67,27.41,7.74,25.12,2.7
2701506,Campo Grande,AL,0.387,0.502,181.54,0.58,57.5,39.27,8.57,5.93,2.6
2701605,Canapi,AL,0.357,0.504,183.83,0.6,60.69,40.35,8.44,4.2,2.9
2701704,Capela,AL,0.456,0.554,251.36,0.49,43.45,31.98,8.7,11.31,2.7
2701803,Carneiros,AL,0.398,0.517,199.58,0.54,54.21,29.96,7.85,3.21,3.1
2701902,Chã Preta,AL,0.481,0.537,22.66,0.5,49.05,35.51,9.62,2.12,2.8
2702108,Colônia Leopoldina,AL,0.363,0.548,242.28,0.53,45.62,34.59,7.11,11.51,2.3
2702306,Coruripe,AL,0.541,0.591,315.85,0.52,33.79,2.39,10.04,11.14,3.3
2702355,Craíbas,AL,0.408,0.517,199.54,0.53,51.16,39.67,8.82,2.54,2.5
2702405,Delmiro Gouveia,AL,0.494,0.599,332.13,0.52,33.1,23.35,8.67,13.13,2.7
2702504,Dois Riachos,AL,0.385,0.513,194.81,0.55,57.39,39.13,8.41,3.2,2.6
2702553,Estrela de Alagoas,AL,0.41,0.515,196.92,0.51,52.35,40.47,9.42,4.49,2.4
2702603,Feira Grande,AL,0.402,0.512,193.07,0.53,55.98,38.76,8.94,2.98,2.6
2702702,Feliz Deserto,AL,0.462,0.55,245.49,0.49,41.07,3.35,9.08,14.45,2.4
2702801,Flexeiras,AL,0.4,0.528,213.44,0.47,42.93,3.22,8.75,12.77,2.8
2702900,Girau do Ponciano,AL,0.405,0.498,177.55,0.58,59.05,35.97,9.09,8.42,2.7
2703007,Ibateguara,AL,0.393,0.517,199.68,0.53,54.97,38.75,8.19,8.07,2.9
2703106,Igaci,AL,0.424,0.547,241.17,0.57,47.63,38.08,9.64,5.28,2.7
2703205,Igreja Nova,AL,0.428,0.556,254.34,0.65,51.79,36.97,7.72,5.2,3
2703304,Inhapi,AL,0.316,0.501,180.64,0.67,65.08,40.36,7.47,4.68,3
2703403,Jacaré dos Homens,AL,0.481,0.543,235.11,0.49,46.94,28.12,8.75,7.23,2.2
2703502,Jacuípe,AL,0.41,0.532,219.52,0.46,44.58,30.82,8.8,9.97,3
2703601,Japaratinga,AL,0.451,0.56,260.92,0.52,41.76,29.67,8.95,12.25,2.3
2703700,Jaramataia,AL,0.451,0.532,21.91,0.48,50.05,39.17,8.63,8.75,2.1
2703759,Jequiá da Praia,AL,0.43,0.517,199.39,0.47,51.14,28.14,9.05,11.04,3.1
2703809,Joaquim Gomes,AL,0.386,0.509,190.23,0.5,50.96,39.68,8.37,6.64,2
2703908,Jundiá,AL,0.434,0.573,282.87,0.54,38.28,33.73,8.7,6.21,2.8
2704005,Junqueiro,AL,0.454,0.586,306.96,0.57,40.18,32.26,9.16,8.93,3.2
2704104,Lagoa da Canoa,AL,0.443,0.541,231.56,0.51,47.44,38.38,9.37,3.16,2.7
2704203,Limoeiro de Anadia,AL,0.457,0.575,285.98,0.64,47.66,3.51,8.44,8.29,3.2
2704302,Maceió,AL,0.635,0.739,792.54,0.63,15.57,11.86,9.43,12.61,2.4
2704401,Major Isidoro,AL,0.424,0.566,270.04,0.54,45.15,35.91,8.92,7.85,2.7
2704500,Maragogi,AL,0.443,0.556,253.86,0.54,44.64,29.35,8.24,8.22,2.4
2704609,Maravilha,AL,0.46,0.539,229.39,0.58,50.79,30.08,9.1,6.96,2
2704708,Marechal Deodoro,AL,0.52,0.641,431.43,0.6,32.01,2.19,9.14,11.96,2
2704807,Maribondo,AL,0.487,0.581,297.05,0.49,34.99,29.69,9.65,9.13,2.4
2704906,Mar Vermelho,AL,0.465,0.54,229.81,0.47,44.07,29.99,9.44,9.4,2.9
2705002,Mata Grande,AL,0.369,0.506,186.87,0.57,58.03,38.79,8.38,1.54,1.9
2705101,Matriz de Camaragibe,AL,0.473,0.541,231.82,0.46,39.73,31.47,9.53,16.92,2.3
2705200,Messias,AL,0.46,0.557,256.45,0.49,40.96,2.99,8.76,18.5,3.2
2705309,Minador do Negrão,AL,0.43,0.541,231.37,0.54,46.98,43.89,8.95,7.54,1.9
2705408,Monteirópolis,AL,0.443,0.497,176.62,0.49,56.76,37.49,9.46,14.63,1.6
2705507,Murici,AL,0.395,0.542,233.16,0.48,42.57,30.65,8.16,16.23,2.3
2705606,Novo Lino,AL,0.375,0.546,239.75,0.55,47.9,36.14,8.11,9.45,2.1
2705705,Olho d'Água das Flores,AL,0.422,0.568,274.46,0.55,42.29,29.22,8.66,7.46,2.5
2705804,Olho d'Água do Casado,AL,0.35,0.527,211.97,0.54,52.74,35.08,7.93,8.22,2.7
2705903,Olho d'Água Grande,AL,0.399,0.473,151.62,0.59,66.88,41.97,9.34,1.46,2.8
2706000,Olivença,AL,0.345,0.513,195.19,0.56,56.57,36.66,9.08,6.3,2.4
2706109,Ouro Branco,AL,0.434,0.538,227.56,0.55,48.54,30.53,8.27,7.02,2.1
2706208,Palestina,AL,0.467,0.505,185.39,0.59,61.71,34.56,9.77,8.12,2.7
2706307,Palmeira dos Índios,AL,0.523,0.625,391.37,0.56,30.72,24.41,9.72,8.53,2.5
2706406,Pão de Açúcar,AL,0.491,0.536,224.33,0.57,51.74,30.72,10.37,8.48,2.4
2706422,Pariconha,AL,0.416,0.526,211.13,0.5,45.24,31.96,9.48,3.24,3.3
2706448,Paripueira,AL,0.486,0.595,324.93,0.53,32.54,24.19,8.82,12.24,3
2706505,Passo de Camaragibe,AL,0.421,0.513,194.73,0.48,51.5,32.23,8.55,9.8,2.3
2706604,Paulo Jacinto,AL,0.507,0.551,24.72,0.52,45.09,32,9.9,11.72,2.5
2706703,Penedo,AL,0.536,0.602,339.15,0.55,36.82,22.83,9.45,13.09,3
2706802,Piaçabuçu,AL,0.479,0.538,227.65,0.52,49.21,31.77,9.2,14,2.6
2706901,Pilar,AL,0.509,0.578,292.06,0.51,35.27,24.48,8.3,16.24,2.5
2707008,Pindoba,AL,0.465,0.579,292.88,0.58,44.63,35.29,10.18,12.46,3
2707107,Piranhas,AL,0.462,0.563,265.96,0.6,48.72,30.49,8.65,6.5,3.2
2707206,Poço das Trincheiras,AL,0.419,0.484,162.21,0.64,67.57,33.63,9.29,6.35,2.2
2707305,Porto Calvo,AL,0.498,0.558,257.64,0.47,37.71,28.44,8.5,10.77,2.8
2707404,Porto de Pedras,AL,0.379,0.542,233.72,0.53,51.44,32.26,8.02,4.67,2.4
2707503,Porto Real do Colégio,AL,0.431,0.513,195.26,0.61,60.38,34.46,8.49,13.96,2.6
2707602,Quebrangulo,AL,0.421,0.536,224.78,0.53,49.56,32.23,8.99,5.68,3
2707701,Rio Largo,AL,0.547,0.616,369.11,0.48,24.26,18.28,9.45,16.88,2.1
2707909,Santa Luzia do Norte,AL,0.477,0.58,295.95,0.48,32.72,23.13,10.08,14.27,2.6
2708006,Santana do Ipanema,AL,0.463,0.579,293.85,0.61,47.02,28.94,8.75,8.82,2.1
2708105,Santana do Mundaú,AL,0.362,0.513,194.87,0.49,48.88,38.72,7.83,6.96,2.8
2708204,São Brás,AL,0.48,0.533,220.92,0.61,58.31,3.47,10.12,6.84,2.5
2708303,São José da Laje,AL,0.434,0.574,284.02,0.48,36.67,31.13,8.8,10.59,3.2
2708402,São José da Tapera,AL,0.409,0.508,188.84,0.58,58.39,37.04,8.63,4.22,2.5
2708501,São Luís do Quitunde,AL,0.4,0.55,244.85,0.5,43.33,33.85,7.97,13,2
2708600,São Miguel dos Campos,AL,0.514,0.612,360.82,0.51,28.11,21.28,9.02,20.42,2.3
2708709,São Miguel dos Milagres,AL,0.504,0.545,237.78,0.48,44.22,28.59,9.39,12.58,2
2708808,São Sebastião,AL,0.432,0.537,225.84,0.54,48.58,37.41,8.96,10.27,2.5
2708907,Satuba,AL,0.585,0.619,377.42,0.52,26.51,18.53,9.14,14.27,2.7
2708956,Senador Rui Palmeira,AL,0.398,0.481,159.61,0.55,59.76,36.65,9.02,1.06,2.3
2709004,Tanque d'Arca,AL,0.43,0.531,217.85,0.5,46.93,38.52,9.29,4.34,2.5
2709103,Taquarana,AL,0.421,0.529,215.16,0.51,49.78,37.95,9.74,4.21,3.4
2709152,Teotônio Vilela,AL,0.466,0.549,244.39,0.51,42.79,28.87,10.24,14.26,3
2709202,Traipu,AL,0.395,0.499,178.79,0.64,63.39,42.69,7.87,4.21,2.2
2709301,União dos Palmares,AL,0.462,0.59,313.92,0.53,36.82,31.62,8.83,12.55,2.7
2709400,Viçosa,AL,0.478,0.554,251.25,0.59,50.85,33.47,9.69,19.26,2.9
2800100,Amparo de São Francisco,SE,0.55,0.569,275.32,0.51,37.22,23.84,9.64,7.3,3.8
2800209,Aquidabã,SE,0.452,0.573,282.19,0.54,41.87,2.95,8.63,10,2.9
2800308,Aracaju,SE,0.708,0.784,1052.03,0.62,11.11,6.61,9.76,11.35,3
2800407,Arauá,SE,0.49,0.55,24.57,0.5,43.43,27.51,9.8,7.9,2.8
2800506,Areia Branca,SE,0.434,0.579,294.32,0.48,33.59,24.64,8.52,9.21,2.8
2800605,Barra dos Coqueiros,SE,0.545,0.647,448.81,0.54,25.68,1.33,8.32,15.61,1.9
2800670,Boquim,SE,0.492,0.581,296.54,0.5,39.2,24.19,8.74,9.68,3
2800704,Brejo Grande,SE,0.435,0.515,197.69,0.51,55.65,31.48,8.7,11.62,2.2
2801009,Campo do Brito,SE,0.484,0.625,391.94,0.54,28.8,28.17,9.02,3.98,2.6
2801108,Canhoba,SE,0.462,0.553,24.93,0.52,47.32,32.18,8.74,3.39,3.6
2801207,Canindé de São Francisco,SE,0.435,0.566,270.17,0.55,46.27,29.96,8.81,11.64,3.3
2801306,Capela,SE,0.51,0.596,326.55,0.53,35.85,2.48,9.15,15.01,2.7
2801405,Carira,SE,0.442,0.581,297.74,0.49,35.46,34.82,8.41,7.49,2.5
2801504,Carmópolis,SE,0.546,0.623,385.16,0.55,30.71,14.46,9.12,24.01,2.9
2801603,Cedro de São João,SE,0.543,0.608,352.53,0.53,32.16,21.18,9.08,8.35,3
2801702,Cristinápolis,SE,0.414,0.54,229.99,0.5,43.75,30.45,8.88,8.55,2.3
2801900,Cumbe,SE,0.512,0.576,288.67,0.49,36.82,26.52,9.75,3.79,3.2
2802007,Divina Pastora,SE,0.527,0.571,278.62,0.4,28.74,23.15,9.22,12.79,2.8
2802106,Estância,SE,0.552,0.627,395.41,0.52,27.5,17.89,9.16,14.25,2.7
2802205,Feira Nova,SE,0.473,0.546,238.42,0.47,42.51,30.24,9.35,17.02,2.6
2802304,Frei Paulo,SE,0.428,0.623,386.65,0.48,22.1,26.55,7.1,6.87,2.1
2802403,Gararu,SE,0.422,0.544,236.06,0.61,54.22,30.77,8.55,4.61,2.9
2802502,General Maynard,SE,0.567,0.609,354.58,0.54,30.98,15.23,9.75,21.27,2.8
2802601,Gracho Cardoso,SE,0.468,0.562,264.86,0.56,45.18,29.95,8.15,6.75,3.2
2802700,Ilha das Flores,SE,0.469,0.514,195.64,0.56,58.57,25.71,8.5,10.65,2.5
2802809,Indiaroba,SE,0.475,0.533,220.89,0.53,50.58,26.72,8.97,5.42,2.5
2802908,Itabaiana,SE,0.513,0.645,443.39,0.52,21.91,21.79,8.98,5.82,3
2803005,Itabaianinha,SE,0.407,0.555,253.22,0.51,44.39,29.83,8.14,6.46,3
2803104,Itabi,SE,0.512,0.569,276.77,0.47,36.88,30.87,9.91,5.22,3.9
2803203,Itaporanga d'Ajuda,SE,0.414,0.548,242.62,0.49,42.21,24.55,7.71,19.2,2.6
2803302,Japaratuba,SE,0.544,0.581,296.93,0.5,34.75,20.58,8.91,13.21,3
2803401,Japoatã,SE,0.455,0.551,246.68,0.49,42.52,30.84,8.59,8.11,3.3
2803500,Lagarto,SE,0.515,0.613,36.28,0.5,28.14,25.32,9.24,7.04,3.6
2803609,Laranjeiras,SE,0.582,0.589,313.29,0.49,31.34,15.66,8.45,18.58,2.7
2803708,Macambira,SE,0.474,0.573,28.24,0.43,33.44,3.15,9.24,4.01,3.2
2803807,Malhada dos Bois,SE,0.531,0.56,261.05,0.46,36.58,23.66,9.74,12.06,3.4
2803906,Malhador,SE,0.442,0.587,308.04,0.45,31.69,24.73,8.49,3.79,2.8
2804003,Maruim,SE,0.511,0.59,314.55,0.48,31.62,17.66,9.01,18.3,2.4
2804102,Moita Bonita,SE,0.429,0.596,326.89,0.44,29.29,26.52,8.8,2.07,3.3
2804201,Monte Alegre de Sergipe,SE,0.431,0.539,22.93,0.56,51.29,33.83,7.88,8.75,2.6
2804300,Muribeca,SE,0.554,0.575,28.68,0.49,34.21,24.69,9.48,9.13,3.1
2804409,Neópolis,SE,0.505,0.575,286.69,0.55,40.49,22.72,8.15,17.07,3.3
2804458,Nossa Senhora Aparecida,SE,0.43,0.577,289.16,0.56,45.52,37.75,8.34,3.84,2.5
2804508,Nossa Senhora da Glória,SE,0.456,0.591,316.84,0.52,34.64,26.69,8.21,6.28,2.8
2804607,Nossa Senhora das Dores,SE,0.497,0.579,294.53,0.51,37.9,28.39,9.38,9.82,2.6
2804706,Nossa Senhora de Lourdes,SE,0.532,0.56,261.29,0.49,39.99,28.91,9.3,6.26,3.4
2804805,Nossa Senhora do Socorro,SE,0.581,0.62,379.98,0.47,21.41,10.69,9.28,15.01,2.7
2804904,Pacatuba,SE,0.454,0.514,195.47,0.58,57.79,29.42,8.48,7.86,2.2
2805000,Pedra Mole,SE,0.499,0.599,332.75,0.54,32.91,27.72,9.29,10.26,3.8
2805109,Pedrinhas,SE,0.486,0.568,273.91,0.52,39.87,26.65,8.74,6.66,3.3
2805208,Pinhão,SE,0.48,0.58,295.24,0.42,23.92,30.16,8.81,5.8,2.9
2805307,Pirambu,SE,0.515,0.558,257.65,0.53,43.42,20.03,8.49,9.57,2.8
2805406,Poço Redondo,SE,0.376,0.519,202.24,0.59,58.45,35.58,7.49,6.67,2.4
2805505,Poço Verde,SE,0.417,0.563,266.56,0.51,40.04,29.85,8.98,6.15,3.2
2805604,Porto da Folha,SE,0.462,0.537,226.66,0.56,53.99,31.51,8.11,8.23,3.2
2805703,Propriá,SE,0.593,0.629,400.35,0.54,31.99,18.68,8.98,10.95,2.6
2805802,Riachão do Dantas,SE,0.381,0.527,212.37,0.48,50.24,29.23,8.29,2.69,3.2
2805901,Riachuelo,SE,0.52,0.591,317.28,0.5,33.94,17.01,8.05,19.68,3.2
2806008,Ribeirópolis,SE,0.49,0.61,357.17,0.45,24.36,2.85,8.98,5.79,3.2
2806107,Rosário do Catete,SE,0.571,0.603,341.06,0.5,31.42,14.14,9.24,16.93,3.4
2806206,Salgado,SE,0.486,0.588,311.33,0.51,36.46,27.47,8.83,7.66,2.8
2806404,Santana do São Francisco,SE,0.526,0.544,236.25,0.48,43.24,21.02,9.62,9.74,3.1
2806503,Santa Rosa de Lima,SE,0.514,0.527,213.07,0.45,42.37,27.17,7.95,10.17,3.1
2806602,Santo Amaro das Brotas,SE,0.543,0.613,362.46,0.57,36.16,18.89,8.45,29.16,2.9
2806701,São Cristóvão,SE,0.581,0.624,388.36,0.47,22.97,1.28,9.13,13.6,2.7
2806800,São Domingos,SE,0.471,0.572,281.44,0.41,28.01,33.36,9.06,4.88,3
2806909,São Francisco,SE,0.49,0.564,26.73,0.48,39,26.72,8.37,8.92,3.7
2807006,São Miguel do Aleixo,SE,0.424,0.571,279.25,0.49,36.47,33.54,8.9,3.42,3.3
2807105,Simão Dias,SE,0.492,0.579,293.99,0.49,35.11,26.78,8.95,11.32,2.7
2807204,Siriri,SE,0.541,0.565,268.51,0.47,38.16,20.69,9.51,14.85,2.4
2807303,Telha,SE,0.542,0.564,268.17,0.48,37.53,27.33,9.43,10.57,3
2807402,Tobias Barreto,SE,0.404,0.609,353.87,0.55,34.71,28.34,8.07,7.09,2.8
2807501,Tomar do Geru,SE,0.432,0.52,203.09,0.47,51.11,32.08,8.38,6.85,2.5
2807600,Umbaúba,SE,0.476,0.567,272.53,0.46,35.98,24.73,9.15,6,2.6
2900108,Abaíra,BA,0.51,0.577,290.53,0.46,31.74,19.45,9.6,8.61,3.7
2900207,Abaré,BA,0.46,0.533,220.16,0.55,47.77,26.85,7.33,15.56,3.3
2900306,Acajutiba,BA,0.487,0.56,260.46,0.57,48.78,22.31,8.28,7.87,2.8
2900355,Adustina,BA,0.432,0.526,211.37,0.54,49.98,35.53,8.56,7.35,2.6
2900405,Água Fria,BA,0.422,0.529,215.12,0.53,50.3,27.26,7.56,8.14,3
2900504,Érico Cardoso,BA,0.471,0.558,258.28,0.49,36.75,30.27,8.68,3.83,3.6
2900603,Aiquara,BA,0.471,0.573,283.24,0.44,27.11,23.76,8.55,10.88,3
2900702,Alagoinhas,BA,0.592,0.681,553.17,0.55,19.42,10.11,8.71,13.61,2.8
2900801,Alcobaça,BA,0.476,0.611,357.99,0.53,32.69,23.59,8.1,9.5,3
2900900,Almadina,BA,0.421,0.563,265.39,0.46,38.08,31.82,8.85,15.19,3.1
2901007,Amargosa,BA,0.492,0.616,369.84,0.56,33.42,20.85,8.69,11.75,2.8
2901106,Amélia Rodrigues,BA,0.6,0.609,354.66,0.49,28.19,13.22,9.84,16.98,3.3
2901155,América Dourada,BA,0.464,0.506,18.61,0.5,52.57,27.53,8.41,22.08,3.6
2901205,Anagé,BA,0.371,0.549,243.52,0.48,39.06,33.89,7.26,6.62,3
2901304,Andaraí,BA,0.415,0.54,230.36,0.59,53.89,26.56,7.42,18.57,3.5
2901353,Andorinha,BA,0.474,0.586,305.81,0.55,39.45,25.71,8.89,5.66,2.8
2901403,Angical,BA,0.556,0.564,266.89,0.54,41.72,24.54,9.31,6.66,3.3
2901502,Anguera,BA,0.471,0.565,2.69,0.48,38.32,2.27,9.25,14.05,3.5
2901601,Antas,BA,0.491,0.573,283.59,0.52,38.43,28.33,8.55,12.64,2.9
2901700,Antônio Cardoso,BA,0.422,0.544,236.86,0.46,37.58,29.07,8.06,4.52,2.5
2901809,Antônio Gonçalves,BA,0.498,0.58,29.57,0.51,35.74,19.72,8.32,6.32,3.4
2901908,Aporá,BA,0.425,0.516,199.04,0.56,55.3,27.81,7.66,4.02,2.8
2901957,Apuarema,BA,0.413,0.555,25.23,0.46,39.49,31.03,8.11,12.99,2.2
2902005,Aracatu,BA,0.439,0.591,31.66,0.45,28.51,29.35,8.87,4.44,3.6
2902054,Araças,BA,0.462,0.54,230.75,0.53,45.82,23.15,7.92,13.91,3.1
2902104,Araci,BA,0.381,0.534,221.98,0.57,52.7,34.37,6.94,6.68,2.5
2902203,Aramari,BA,0.47,0.568,274.61,0.51,39.06,19.58,7.48,18.13,2.9
2902252,Arataca,BA,0.413,0.557,256.14,0.47,38.64,31.58,7.71,6.85,2.6
2902302,Aratuípe,BA,0.443,0.57,278.23,0.52,39.85,24.62,7.43,7.14,2.6
2902401,Aurelino Leal,BA,0.434,0.555,253.19,0.45,36.6,26.72,7.6,11.12,3.3
2902500,Baianópolis,BA,0.492,0.543,235.05,0.57,49.22,30.64,8.99,8.03,3.6
2902609,Baixa Grande,BA,0.471,0.549,243.98,0.53,45.3,25.56,8.76,7.44,2.8
2902658,Banzaê,BA,0.468,0.539,228.54,0.46,39.9,26.34,8.51,5.5,3
2902708,Barra,BA,0.457,0.503,183.03,0.59,59.44,23.54,8.33,6.33,3.2
2902807,Barra da Estiva,BA,0.469,0.566,270.66,0.53,41.63,18.03,7.83,5.42,3.5
2902906,Barra do Choça,BA,0.386,0.563,266.13,0.44,31.84,27.71,7.69,6.13,2.5
2903003,Barra do Mendes,BA,0.553,0.578,292.41,0.57,42.11,14.72,9.94,11.52,3.4
2903102,Barra do Rocha,BA,0.465,0.585,304.56,0.52,34.9,26.79,8.47,10.27,3.4
2903201,Barreiras,BA,0.668,0.695,602.82,0.56,16.27,10.33,9.21,9.57,3.3
2903235,Barro Alto,BA,0.55,0.551,247.32,0.51,44.24,18.21,9.55,3.93,3.1
2903276,Barrocas,BA,0.503,0.574,284.41,0.46,32.83,1.97,8.84,6.4,2.9
2903409,Belmonte,BA,0.48,0.577,28.99,0.5,35.61,24.76,8.21,15.66,2.5
2903508,Belo Campo,BA,0.444,0.562,263.52,0.49,39.69,26.12,8.49,7.07,3.2
2903706,Boa Nova,BA,0.453,0.535,223.48,0.51,47.41,3.17,9.58,12.07,3
2903805,Boa Vista do Tupim,BA,0.447,0.514,195.71,0.56,54.52,3.03,9.77,14.42,2.8
2903904,Bom Jesus da Lapa,BA,0.533,0.615,367.62,0.6,35.74,19.18,8.52,12.14,3.3
2903953,Bom Jesus da Serra,BA,0.407,0.535,223.19,0.52,46,27.15,7.64,11.58,2.6
2904001,Boninal,BA,0.514,0.564,26.77,0.53,40.34,22.02,9.39,9.23,3.2
2904050,Bonito,BA,0.467,0.552,2.49,0.5,43.9,20.32,8.7,7.27,3.7
2904100,Boquira,BA,0.497,0.564,266.71,0.53,39.88,25.81,8.86,11.2,3.9
2904209,Botuporã,BA,0.464,0.543,235.16,0.52,44.86,26.32,9.42,5.24,3.9
2904308,Brejões,BA,0.49,0.56,261.14,0.5,39.47,24.27,8.88,15.01,2.9
2904407,Brejolândia,BA,0.523,0.533,221.22,0.56,48.72,26.31,9.29,15.51,3.5
2904506,Brotas de Macaúbas,BA,0.445,0.552,247.49,0.56,45.57,21.22,8.45,6.47,3.2
2904605,Brumado,BA,0.554,0.63,403.22,0.52,25.36,16.28,8.81,9.63,4.2
2904704,Buerarema,BA,0.495,0.604,343.23,0.53,34.68,2.31,6.44,12.48,2.7
2904753,Buritirama,BA,0.471,0.504,184.53,0.57,56.15,26.05,8.92,9.48,3.4
2904803,Caatiba,BA,0.406,0.579,293.78,0.39,24.31,30,7.94,2.9,2.2
2904852,Cabaceiras do Paraguaçu,BA,0.49,0.525,209.45,0.54,51.63,2.65,8.48,4.97,2.2
2904902,Cachoeira,BA,0.577,0.615,368.11,0.56,33.83,16.01,8.51,11.88,2.3
2905206,Caetité,BA,0.484,0.631,405.31,0.59,32.54,20.42,7.96,7.22,3.7
2905305,Cafarnaum,BA,0.49,0.554,251.31,0.55,47.13,21.82,9.37,5.62,2.9
2905404,Cairu,BA,0.51,0.6,334.19,0.53,32.54,15.53,7.89,9.01,2.8
2905503,Caldeirão Grande,BA,0.473,0.526,211.26,0.55,52.34,29.26,8.25,10.73,3.3
2905602,Camacan,BA,0.419,0.608,351.84,0.6,38.74,22.82,7.41,16.11,3.4
2905701,Camaçari,BA,0.616,0.681,553.18,0.53,16.39,7.78,9.24,15.69,3.3
2905800,Camamu,BA,0.452,0.562,264.63,0.54,46.39,26.65,8.17,9.11,2.9
2905909,Campo Alegre de Lourdes,BA,0.43,0.516,199.01,0.61,58.96,27.96,8.88,7.29,3
2906006,Campo Formoso,BA,0.475,0.566,270.05,0.57,46.53,24.55,8.41,7.93,3.4
2906105,Canápolis,BA,0.463,0.531,217.86,0.49,47.06,3.09,8.08,7.84,2.8
2906204,Canarana,BA,0.496,0.555,252.39,0.48,42.2,19.01,9.25,7.18,3.3
2906402,Candeal,BA,0.465,0.554,251.54,0.44,36.55,25.73,8.44,5.88,2.4
2906501,Candeias,BA,0.616,0.652,462.57,0.48,17.44,9.08,9.11,18.52,3.1
2906600,Candiba,BA,0.481,0.578,290.99,0.44,29.91,25.63,9.13,5.77,2.9
2906808,Cansanção,BA,0.438,0.53,216.24,0.57,53.28,28.93,8.72,4.25,2.7
2906824,Canudos,BA,0.453,0.554,251.59,0.53,43.76,25.23,8.77,6.98,2.6
2906857,Capela do Alto Alegre,BA,0.48,0.582,299.05,0.49,35.22,27.98,8.44,6.75,4.2
2906873,Capim Grosso,BA,0.514,0.62,378.85,0.54,28.06,20.75,8.4,10.46,2.9
2906899,Caraíbas,BA,0.405,0.57,277.97,0.49,36.8,32.86,7.82,7.44,3.1
2906907,Caravelas,BA,0.473,0.626,394.43,0.56,34.46,24.95,7.47,13.87,3
2907004,Cardeal da Silva,BA,0.437,0.523,207.42,0.52,54.04,23.01,7.59,24.88,3.1
2907103,Carinhanha,BA,0.477,0.525,209.51,0.51,47.47,25.91,8.79,9,4.5
2907202,Casa Nova,BA,0.435,0.577,289.24,0.54,37.38,24.86,8.15,8.21,2.8
2907301,Castro Alves,BA,0.504,0.591,31.61,0.54,34.72,22.66,7.6,9.04,3.1
2907400,Catolândia,BA,0.452,0.554,251.21,0.51,42.42,25.58,10.13,3.83,2.8
2907558,Caturama,BA,0.446,0.543,234.88,0.49,42.42,27.88,8.08,7.84,3.1
2907608,Central,BA,0.538,0.54,23.11,0.54,46.19,20.01,8.72,10.67,3.2
2907707,Chorrochó,BA,0.503,0.552,24.85,0.58,46.56,28.38,7.35,7.57,3.1
2907806,Cícero Dantas,BA,0.477,0.59,315.19,0.53,36.83,32.89,8.71,5.86,2.7
2907905,Cipó,BA,0.496,0.589,312.03,0.55,38.16,23.83,8.94,4.33,2.9
2908002,Coaraci,BA,0.491,0.615,366.33,0.54,29.86,23.55,8.4,12.98,2.7
2908101,Cocos,BA,0.471,0.558,258.27,0.56,44.13,24.88,7.69,12.7,3.3
2908200,Conceição da Feira,BA,0.548,0.606,348.39,0.56,32.84,16.03,8.16,17.75,3
2908309,Conceição do Almeida,BA,0.479,0.578,290.98,0.56,41.69,20.44,8.26,25.13,3
2908408,Conceição do Coité,BA,0.517,0.587,309.61,0.48,32.42,19.84,8.49,6.83,3.4
2908507,Conceição do Jacuípe,BA,0.579,0.63,403.18,0.48,21.54,12.39,9.18,14.81,2.9
2908606,Conde,BA,0.451,0.551,246.81,0.63,56.43,24.09,7.8,10.12,3
2908705,Condeúba,BA,0.447,0.559,260.07,0.49,40.3,27.24,8.38,7.6,3.8
2908804,Contendas do Sincorá,BA,0.477,0.579,293.12,0.51,35.43,26.71,9.66,10.83,2.6
2908903,Coração de Maria,BA,0.489,0.558,257.21,0.52,42.58,21,9.31,9.25,2.8
2909000,Cordeiros,BA,0.454,0.561,263.24,0.45,33.98,25.58,8.82,8.68,3.4
2909109,Coribe,BA,0.491,0.545,237.03,0.58,48.62,28.37,8.8,9.88,3.3
2909208,Coronel João Sá,BA,0.392,0.545,238.18,0.48,42.31,39.29,8.15,3.93,3.1
2909307,Correntina,BA,0.481,0.575,285.96,0.58,43.17,23.46,7.1,7.04,3.3
2909406,Cotegipe,BA,0.504,0.545,23.75,0.56,49.02,29.82,8.53,10.5,3.4
2909505,Cravolândia,BA,0.503,0.559,259.87,0.53,42.52,27.78,8.92,7.25,2.8
2909604,Crisópolis,BA,0.387,0.542,23.26,0.57,51.72,30.66,7.8,3.55,3
2909703,Cristópolis,BA,0.553,0.546,239.23,0.54,46.07,3.02,9.16,7.4,3.7
2909802,Cruz das Almas,BA,0.65,0.659,48.18,0.55,24.93,11.79,8.79,15.84,3.2
2909901,Curaçá,BA,0.463,0.544,236.77,0.51,43.82,24.72,8.47,9.1,3.2
2910008,Dário Meira,BA,0.392,0.522,206.16,0.54,53.41,34.07,7.16,20.25,3.1
2910057,Dias d'Ávila,BA,0.584,0.651,46.06,0.5,20.72,8.21,9.19,19.59,2.9
2910107,Dom Basílio,BA,0.482,0.547,240.83,0.46,40.89,23.72,8.67,4.7,4
2910206,Dom Macedo Costa,BA,0.531,0.598,329.93,0.55,36.54,20.79,9.3,11.26,2.2
2910305,Elísio Medrado,BA,0.527,0.59,315.04,0.5,35.13,25.43,10.7,5.59,3.3
2910404,Encruzilhada,BA,0.4,0.533,2.2,0.49,45.03,32.75,6.72,9.35,2.8
2910503,Entre Rios,BA,0.492,0.602,338.53,0.6,39.75,18.07,7.66,15.93,3
2910602,Esplanada,BA,0.469,0.589,312.58,0.57,39.21,21.61,7.58,12.12,2.8
2910701,Euclides da Cunha,BA,0.43,0.565,269.58,0.55,43.14,27.43,7.69,13.89,2.5
2910727,Eunápolis,BA,0.572,0.687,575.44,0.57,17.93,1.48,8.73,11.27,3.2
2910750,Fátima,BA,0.459,0.554,25.06,0.53,46.32,35.08,8.46,7.34,3.5
2910776,Feira da Mata,BA,0.505,0.527,212.22,0.54,50.82,22.41,9.15,6.58,3.1
2910800,Feira de Santana,BA,0.619,0.71,662.24,0.6,15.8,9.08,9.11,10.88,3
2910859,Filadélfia,BA,0.45,0.553,250.08,0.57,45.48,22.52,8.66,13.68,2.8
2910909,Firmino Alves,BA,0.464,0.596,325.51,0.43,24.91,23.44,7.44,11.1,2.9
2911006,Floresta Azul,BA,0.431,0.548,242.04,0.45,38.11,28.97,7.69,13.02,3.3
2911105,Formosa do Rio Preto,BA,0.536,0.576,287.94,0.6,42.96,22.33,8.48,13.87,3.2
2911204,Gandu,BA,0.508,0.645,442.37,0.59,30.27,22.83,7.72,9.94,3.4
2911253,Gavião,BA,0.508,0.566,271.53,0.4,27.21,26.28,9.34,8.18,3.8
2911303,Gentio do Ouro,BA,0.45,0.523,207.35,0.52,49.39,25.45,7.93,12.16,3.3
2911402,Glória,BA,0.479,0.563,266.14,0.51,38.55,2.81,9.12,6.89,3.4
2911501,Gongogi,BA,0.456,0.543,23.47,0.47,40.1,28.44,8.6,15.32,2.8
2911600,Governador Mangabeira,BA,0.594,0.594,322.02,0.54,30.73,17.45,9.38,5.95,2.8
2911659,Guajeru,BA,0.437,0.548,241.69,0.46,36.12,29.89,7.96,4.17,3
2911709,Guanambi,BA,0.584,0.663,496.05,0.55,18.63,15.42,9.46,7.88,3.5
2911808,Guaratinga,BA,0.406,0.559,258.74,0.53,40.97,34.47,7.42,13.96,3.3
2911857,Heliópolis,BA,0.437,0.547,241.36,0.5,44.3,31.96,9.39,5.99,3.7
2911907,Iaçu,BA,0.461,0.588,311.24,0.61,43.94,24.99,8.06,12.67,3.2
2912004,Ibiassucê,BA,0.476,0.608,350.98,0.46,21.91,20.99,8.63,5.74,3.5
2912103,Ibicaraí,BA,0.524,0.609,354.75,0.53,32.19,2.15,8.25,14.75,2.7
2912202,Ibicoara,BA,0.484,0.583,300.89,0.48,31.21,16.31,8.57,6.87,3
2912301,Ibicuí,BA,0.435,0.586,307.49,0.5,34.67,2.56,7.72,8.18,3.3
2912400,Ibipeba,BA,0.545,0.577,290.82,0.56,43.23,18.16,9.14,8.27,3.3
2912509,Ibipitanga,BA,0.475,0.553,249.32,0.57,47.05,2.81,9.36,13.02,3.5
2912608,Ibiquera,BA,0.335,0.517,199.55,0.58,52.54,30.06,6.93,9.28,2.7
2912707,Ibirapitanga,BA,0.415,0.561,261.88,0.52,45.03,31.91,7.47,7.7,2.5
2912905,Ibirataia,BA,0.424,0.571,278.69,0.49,36.2,28.88,8.06,13.04,2.6
2913002,Ibitiara,BA,0.49,0.55,244.68,0.55,46.3,23.22,9.85,4.82,4.2
2913101,Ibititá,BA,0.527,0.554,250.63,0.5,44.22,22.73,9.1,7.46,3.5
2913200,Ibotirama,BA,0.548,0.601,337.12,0.55,34.56,17.98,9.34,9.29,3.2
2913309,Ichu,BA,0.562,0.58,296.17,0.47,34.31,14.24,9.35,6.87,3.2
2913408,Igaporã,BA,0.516,0.586,306.74,0.5,31.73,20.39,8.57,16.16,3.7
2913457,Igrapiúna,BA,0.424,0.565,269.34,0.54,44.16,24.49,7.11,5.49,2.7
2913507,Iguaí,BA,0.382,0.559,25.88,0.55,43.17,30.23,6.78,13.19,3.1
2913606,Ilhéus,BA,0.59,0.688,579.46,0.58,19.66,12.48,8.61,13.09,3.4
2913705,Inhambupe,BA,0.429,0.556,254.99,0.53,44.31,25.56,8.01,9.85,2.8
2913804,Ipecaetá,BA,0.424,0.506,186.54,0.53,52.76,26.23,8.53,10.89,2.4
2913903,Ipiaú,BA,0.551,0.687,573.36,0.69,29.68,19.91,8.64,15.14,2.7
2914000,Ipirá,BA,0.39,0.568,274.88,0.52,38.41,27.48,7.65,9.47,2.9
2914109,Ipupiara,BA,0.499,0.558,25.83,0.5,40.28,15.88,9.65,13.84,3.6
2914208,Irajuba,BA,0.453,0.544,236.16,0.52,44.78,27.82,9.26,10.25,2.9
2914406,Iraquara,BA,0.523,0.548,242.58,0.61,53.66,17.72,8.68,9,3.8
2914505,Irará,BA,0.501,0.587,308.34,0.5,33.95,23.27,8.23,5.51,3.2
2914604,Irecê,BA,0.643,0.661,488.15,0.59,25.5,1.34,9.33,8.91,3.5
2914653,Itabela,BA,0.465,0.614,365.39,0.55,31.39,25.74,7.97,13.62,3.1
2914703,Itaberaba,BA,0.485,0.638,422.79,0.58,29.19,17.96,8.11,12.98,3.2
2914802,Itabuna,BA,0.643,0.695,605.12,0.56,17.09,10.38,9.36,14.34,3.3
2914901,Itacaré,BA,0.413,0.594,32.33,0.55,36.47,23,6.95,8.18,3.3
2915007,Itaeté,BA,0.485,0.536,224.79,0.54,50.94,26.32,9,10.38,3.4
2915106,Itagi,BA,0.426,0.543,23.48,0.46,43.38,30.77,9.35,10.4,2
2915205,Itagibá,BA,0.469,0.566,270.27,0.47,35.8,26.51,8.03,19.84,3.7
2915304,Itagimirim,BA,0.516,0.602,339.65,0.52,30.72,27.89,8.73,15.24,3.4
2915353,Itaguaçu da Bahia,BA,0.435,0.55,245.68,0.54,44.7,28.72,8.54,5.9,2.9
2915403,Itaju do Colônia,BA,0.502,0.57,276.93,0.48,37.65,25.65,8.47,13.81,3
2915502,Itajuípe,BA,0.466,0.609,35.42,0.49,28.49,2.18,8.15,12.04,2.6
2915601,Itamaraju,BA,0.502,0.641,432.95,0.55,25.14,22.11,8.34,11.64,2.8
2915700,Itamari,BA,0.454,0.595,3.25,0.51,32.85,28.21,7.79,11.13,2.8
2915809,Itambé,BA,0.436,0.589,312.32,0.4,23.04,24.74,8.16,8.78,2.3
2915908,Itanagra,BA,0.433,0.577,289.16,0.63,48.74,24.56,7.52,15.85,2.7
2916005,Itanhém,BA,0.525,0.624,388.04,0.54,27.57,24.82,9.09,8.54,3.6
2916104,Itaparica,BA,0.553,0.657,476.99,0.63,28.32,7.58,8.21,18.06,2.6
2916203,Itapé,BA,0.491,0.574,285.13,0.47,34.17,23.21,8.26,21.01,3
2916302,Itapebi,BA,0.458,0.568,273.69,0.48,36.38,29.64,8.28,14.69,2.7
2916401,Itapetinga,BA,0.562,0.667,506.76,0.48,12.26,14.89,7.66,8.24,3.4
2916500,Itapicuru,BA,0.319,0.505,18.57,0.54,57.29,38.52,7.02,10.75,2.5
2916609,Itapitanga,BA,0.454,0.536,22.51,0.43,36.57,25.68,8.41,15.87,2.8
2916708,Itaquara,BA,0.411,0.539,229.04,0.55,51.57,3.38,7.93,12.41,3.3
2916807,Itarantim,BA,0.487,0.608,352.74,0.5,27.65,23.03,8.07,12.94,2.4
2916856,Itatim,BA,0.459,0.55,245.37,0.46,40.67,23.32,8.12,11.82,2.5
2916906,Itiruçu,BA,0.482,0.588,309.83,0.5,33.21,24.52,8.71,12.24,2.8
2917003,Itiúba,BA,0.398,0.521,205.18,0.56,54.5,26.55,7.56,5.01,2.9
2917102,Itororó,BA,0.474,0.598,3.3,0.44,22.06,24.37,7.96,7.83,2.8
2917201,Ituaçu,BA,0.425,0.565,26.93,0.52,42.66,2.58,8.27,7.95,3.5
2917300,Ituberá,BA,0.482,0.601,337.03,0.51,32.72,20.38,7.95,7.6,3.1
2917334,Iuiú,BA,0.504,0.553,249.32,0.47,39.17,25.99,8.17,13.41,2.8
2917359,Jaborandi,BA,0.508,0.572,281.14,0.62,48.92,25.57,8.73,18.64,3.9
2917409,Jacaraci,BA,0.49,0.573,283.51,0.47,35.25,25.82,8.84,4.95,3.9
2917508,Jacobina,BA,0.558,0.636,417.88,0.55,28.66,17.56,9.44,9.38,2.9
2917607,Jaguaquara,BA,0.446,0.586,307.08,0.5,32.3,26.78,7.73,9.03,3
2917706,Jaguarari,BA,0.551,0.644,439.23,0.66,36.44,1.81,9.41,10.2,3.2
2917805,Jaguaripe,BA,0.407,0.552,247.75,0.55,47.49,28.35,7.86,5.24,2.1
2917904,Jandaíra,BA,0.435,0.511,192.11,0.54,54.92,27.29,8.03,10.2,2.6
2918001,Jequié,BA,0.568,0.656,473.92,0.55,22.48,15.88,8.91,10.92,2.7
2918100,Jeremoabo,BA,0.424,0.561,262.76,0.53,43.67,32,8.58,4.25,2.8
2918209,Jiquiriçá,BA,0.397,0.558,257.95,0.5,42.59,2.26,7.78,4.14,3.4
2918308,Jitaúna,BA,0.479,0.563,266.56,0.51,42.15,29.72,8.74,13.34,2.6
2918357,João Dourado,BA,0.513,0.573,283.12,0.52,40.96,20.67,9.39,6.45,3.8
2918407,Juazeiro,BA,0.594,0.657,476.58,0.56,21.56,13.35,9.03,11.38,3.2
2918456,Jucuruçu,BA,0.415,0.508,18.88,0.54,53.18,32.04,8.52,5.76,2.6
2918506,Jussara,BA,0.476,0.544,236.05,0.52,45.97,25.77,8.93,6.87,3
2918555,Jussari,BA,0.451,0.577,290.22,0.51,37.14,29.42,7.43,16.31,2.7
2918704,Lafaiete Coutinho,BA,0.483,0.576,288.05,0.51,38.48,26.98,9.02,12.02,3.9
2918753,Lagoa Real,BA,0.395,0.535,223.11,0.48,43.89,23.83,8.46,4.86,3.5
2918803,Laje,BA,0.48,0.548,241.63,0.51,43.59,27.44,8.31,4.04,2.8
2918902,Lajedão,BA,0.497,0.652,463.94,0.58,21.7,24.18,8.87,9.05,3.3
2919009,Lajedinho,BA,0.413,0.522,205.65,0.56,56.72,27.58,7.13,12.21,3.2
2919058,Lajedo do Tabocal,BA,0.479,0.545,237.39,0.46,45.4,29.36,9.69,9.29,2.8
2919108,Lamarão,BA,0.372,0.501,180.82,0.5,53.56,32.78,7.81,7.55,2.6
2919157,Lapão,BA,0.51,0.55,244.43,0.52,47.08,20.99,8.8,9.13,3.1
2919207,Lauro de Freitas,BA,0.663,0.781,1031.78,0.63,11.45,4.93,8.86,11.46,3.3
2919306,Lençóis,BA,0.51,0.613,362.74,0.61,39.34,18.65,8.31,9.85,3.2
2919405,Licínio de Almeida,BA,0.531,0.582,299.47,0.45,29.59,2.29,9.54,4.66,4.8
2919504,Livramento de Nossa Senhora,BA,0.491,0.587,309.16,0.52,35.73,21.15,8.97,8.01,4
2919553,Luís Eduardo Magalhães,BA,0.59,0.754,871.12,0.62,10.52,7.27,8.76,7.9,3.9
2919603,Macajuba,BA,0.358,0.515,197.25,0.55,54.31,27.76,7.25,12.42,3
2919702,Macarani,BA,0.466,0.607,350.25,0.46,23.98,2.75,7.56,9.16,3.9
2919801,Macaúbas,BA,0.513,0.557,255.36,0.55,44.17,26.44,8.62,8.17,3.6
2919900,Macururé,BA,0.539,0.547,240.32,0.55,47.59,25.77,9.61,9.41,3.4
2919926,Madre de Deus,BA,0.667,0.67,517.74,0.54,22.34,5.26,9.52,24.9,3.4
2919959,Maetinga,BA,0.368,0.565,268.47,0.46,33.28,32.92,8.53,3.24,2.8
2920007,Maiquinique,BA,0.472,0.586,306.24,0.46,27.36,26.79,8.36,13.47,3.1
2920106,Mairi,BA,0.438,0.575,286.58,0.5,39.5,24.09,8.06,6.54,3.3
2920205,Malhada,BA,0.454,0.532,218.66,0.49,44.63,24.31,8.02,7.06,3
2920304,Malhada de Pedras,BA,0.471,0.549,244.02,0.48,39.63,26.09,9.12,5.61,3.9
2920403,Manoel Vitorino,BA,0.456,0.538,226.95,0.51,46.92,27.81,9.58,7.52,3.2
2920452,Mansidão,BA,0.568,0.503,182.65,0.55,55.1,17.54,8.55,8.54,3.4
2920502,Maracás,BA,0.519,0.577,290.11,0.51,39.19,24.62,9.06,8.51,3.1
2920601,Maragogipe,BA,0.518,0.582,30.01,0.57,42.63,22.75,8.73,10.5,2.7
2920700,Maraú,BA,0.404,0.643,437.51,0.71,44.19,25.44,6.84,6.12,2.5
2920809,Marcionílio Souza,BA,0.463,0.518,201.52,0.49,48.41,3.06,8.39,20.11,3.6
2920908,Mascote,BA,0.464,0.567,272.97,0.58,46.08,30.47,8.53,16.44,3.2
2921005,Mata de São João,BA,0.562,0.648,45.19,0.56,23.45,11.56,8.65,14.58,4
2921054,Matina,BA,0.469,0.538,227.07,0.46,39.62,31.97,8.76,6.1,3.1
2921104,Medeiros Neto,BA,0.501,0.626,392.49,0.53,27.86,24.08,7.89,11.19,3.1
2921203,Miguel Calmon,BA,0.472,0.571,279.05,0.54,43.1,20.42,8.2,9.48,3.1
2921302,Milagres,BA,0.518,0.59,313.88,0.51,33.35,22.25,8.5,14.49,2.9
2921401,Mirangaba,BA,0.454,0.512,193.47,0.51,50.34,25.45,8.63,8.28,2.6
2921450,Mirante,BA,0.386,0.524,208.18,0.52,49.79,30.18,8.89,6.63,3.3
2921500,Monte Santo,BA,0.359,0.515,197.43,0.55,55.01,35.57,7.91,4.87,3.1
2921609,Morpará,BA,0.444,0.536,224.53,0.55,50.91,27.64,9.03,14.61,3.4
2921708,Morro do Chapéu,BA,0.478,0.554,250.88,0.51,43.04,22,9.38,8.97,3.3
2921807,Mortugaba,BA,0.513,0.598,33.03,0.48,26.65,26.49,9.02,5.56,4.1
2922003,Mucuri,BA,0.541,0.679,546.41,0.57,22.95,18.26,7.97,10.11,3.4
2922052,Mulungu do Morro,BA,0.466,0.517,199.94,0.49,49.91,20.41,8.22,7.87,3
2922102,Mundo Novo,BA,0.429,0.606,346.89,0.65,41.77,22.88,8.15,9.23,3
2922201,Muniz Ferreira,BA,0.531,0.581,297.78,0.51,33.95,22.54,9.61,11.4,2.5
2922250,Muquém de São Francisco,BA,0.445,0.488,166.67,0.55,59.01,25.28,8.57,12.79,3.5
2922300,Muritiba,BA,0.573,0.629,401.14,0.55,26.53,16.84,8.41,16.83,2.8
2922409,Mutuípe,BA,0.467,0.618,37.48,0.63,40.5,23.48,8.31,6.75,2.8
2922508,Nazaré,BA,0.532,0.637,421.82,0.61,34.19,18.43,8.95,12.68,2.8
2922607,Nilo Peçanha,BA,0.404,0.531,218.32,0.52,48.88,26.29,6.83,4.34,4.1
2922656,Nordestina,BA,0.467,0.507,187.22,0.54,54.61,29.46,9.64,9.5,3
2922706,Nova Canaã,BA,0.37,0.554,25.19,0.46,36.62,31.43,7.12,7.21,3.1
2922730,Nova Fátima,BA,0.501,0.575,287.32,0.43,28.65,23.62,9.14,8.14,3.1
2922755,Nova Ibiá,BA,0.419,0.62,37.81,0.56,31.18,29.01,8.12,5.41,3.3
2922805,Nova Itarana,BA,0.389,0.508,188.86,0.55,55.04,30.56,6.98,19.42,2.9
2922854,Nova Redenção,BA,0.471,0.534,222.33,0.5,46.88,27.15,7.51,17.24,3.2
2922904,Nova Soure,BA,0.439,0.548,241.71,0.57,50.39,31.39,8.52,7.42,3.2
2923001,Nova Viçosa,BA,0.546,0.657,476.79,0.61,26.17,19.02,9.38,11.68,3
2923035,Novo Horizonte,BA,0.503,0.558,257.12,0.56,46.08,21.94,8.66,8.99,4.2
2923050,Novo Triunfo,BA,0.43,0.513,194.56,0.51,51.25,23.28,7.26,17.95,2.2
2923100,Olindina,BA,0.403,0.534,222.62,0.58,52.64,29.11,7.11,7.23,2.7
2923209,Oliveira dos Brejinhos,BA,0.427,0.533,220.72,0.56,47.07,22.08,8.7,15.56,2.9
2923308,Ouriçangas,BA,0.503,0.572,281.59,0.45,32.58,2.69,8.54,6.01,3.6
2923357,Ourolândia,BA,0.459,0.547,239.93,0.52,44.6,27.85,7.87,5.46,3.3
2923407,Palmas de Monte Alto,BA,0.462,0.561,262.69,0.48,41.14,28.42,8.7,7.35,3.5
2923506,Palmeiras,BA,0.56,0.608,350.79,0.58,38.11,17.81,9.12,9.41,3.6
2923605,Paramirim,BA,0.496,0.604,343.78,0.51,30.95,20.02,8.24,10.2,3.4
2923704,Paratinga,BA,0.51,0.519,201.79,0.55,51.6,24.28,8.87,9.35,3.3
2923803,Paripiranga,BA,0.472,0.567,273.23,0.59,46.78,28.07,8.93,4.12,3.3
2923902,Pau Brasil,BA,0.47,0.58,296.08,0.56,41.5,28.19,7.73,7.89,2.9
2924009,Paulo Afonso,BA,0.572,0.678,544.73,0.58,22.69,16.69,8.9,10.2,3.3
2924058,Pé de Serra,BA,0.465,0.558,257.45,0.46,35.54,24.36,8.92,7.71,3.4
2924108,Pedrão,BA,0.49,0.534,221.53,0.47,44.72,21.88,8.95,8.08,2.5
2924207,Pedro Alexandre,BA,0.354,0.489,167.65,0.51,56.17,40.96,7.11,5.1,2.4
2924306,Piatã,BA,0.447,0.543,234.44,0.54,46.46,23.74,9.12,6.99,3.8
2924405,Pilão Arcado,BA,0.343,0.514,195.98,0.6,55.56,30.09,6.34,8.31,2.7
2924504,Pindaí,BA,0.498,0.566,270.15,0.45,31.53,2.38,9.3,5.35,3.5
2924603,Pindobaçu,BA,0.482,0.527,212.52,0.5,46.36,24.68,8.32,9.89,3.4
2924652,Pintadas,BA,0.525,0.572,281.74,0.46,34.7,24.03,10.34,7.52,2.7
2924678,Piraí do Norte,BA,0.363,0.546,238.62,0.49,42.52,26.18,6.08,5.49,2.9
2924702,Piripá,BA,0.453,0.547,24.11,0.49,41.13,25.41,7.3,10.14,3.6
2924801,Piritiba,BA,0.449,0.566,27.14,0.52,42.43,21.63,8.36,9.04,2.2
2924900,Planaltino,BA,0.462,0.573,282.33,0.56,42.02,32.24,9.06,6.65,4.2
2925006,Planalto,BA,0.428,0.557,256.26,0.45,37.1,29.46,8.01,10.61,3.3
2925105,Poções,BA,0.474,0.583,300.74,0.54,38.45,26.93,8.81,14.74,3.1
2925204,Pojuca,BA,0.559,0.645,44.38,0.5,21.62,9.32,8.64,21.3,3
2925253,Ponto Novo,BA,0.475,0.539,229.61,0.49,42.69,25.44,9.33,11.59,2.5
2925303,Porto Seguro,BA,0.572,0.673,527.04,0.56,19.78,11.98,8.75,10.1,3.2
2925402,Potiraguá,BA,0.545,0.595,323.92,0.49,27.83,22.35,9.78,14.63,3
2925501,Prado,BA,0.497,0.616,369.96,0.55,29.81,1.99,8.53,10.71,3.3
2925600,Presidente Dutra,BA,0.553,0.572,280.86,0.53,41.11,15.42,9.1,4.16,3.5
2925709,Presidente Jânio Quadros,BA,0.386,0.533,22.01,0.53,49.92,34.02,7.16,9.22,2.7
2925758,Presidente Tancredo Neves,BA,0.424,0.566,270.35,0.55,42.47,29.15,7.67,4.85,3.1
2925808,Queimadas,BA,0.493,0.55,24.57,0.51,43.24,23.61,9.23,11.72,3.1
2925907,Quijingue,BA,0.434,0.539,228.71,0.58,50.84,34.47,8.8,4.01,2.5
2925931,Quixabeira,BA,0.469,0.547,24.11,0.49,44.39,30.83,8.9,5.48,3.3
2925956,Rafael Jambeiro,BA,0.435,0.538,226.94,0.5,45.52,29.78,7.71,7.48,2.5
2926103,Retirolândia,BA,0.574,0.579,293.01,0.46,31.79,19.21,10.23,9.3,2.8
2926202,Riachão das Neves,BA,0.471,0.527,212.09,0.53,47.3,30.16,7.74,14.15,3
2926301,Riachão do Jacuípe,BA,0.559,0.588,311.47,0.47,28.11,17.98,9.04,10.41,3.2
2926400,Riacho de Santana,BA,0.532,0.572,281.05,0.56,43,27.54,9.2,8.76,4.4
2926509,Ribeira do Amparo,BA,0.384,0.503,183.12,0.53,55.7,35.59,8.15,4.22,2.6
2926608,Ribeira do Pombal,BA,0.515,0.599,332.86,0.54,34.79,26.34,8.44,8.48,3.1
2926657,Ribeirão do Largo,BA,0.366,0.566,271.68,0.46,34.6,30.96,7.36,6.36,2.4
2926707,Rio de Contas,BA,0.498,0.58,294.83,0.48,32.97,20.04,8.79,5.43,3.6
2926806,Rio do Antônio,BA,0.465,0.555,252.98,0.49,39.43,28.44,8.2,4.83,3.6
2926905,Rio do Pires,BA,0.481,0.568,274.58,0.48,36.17,27.34,8.08,6.5,3.1
2927002,Rio Real,BA,0.452,0.568,274.86,0.53,41.6,24.43,9.17,4.67,2.9
2927101,Rodelas,BA,0.564,0.566,271.59,0.53,43.13,22.16,8.61,11.48,3.8
2927200,Ruy Barbosa,BA,0.505,0.583,301.42,0.55,39.83,22.69,8.52,13.98,3.1
2927309,Salinas da Margarida,BA,0.561,0.575,286.45,0.54,41.93,12.04,8.79,5.83,3
2927408,Salvador,BA,0.679,0.772,9.73,0.63,11.35,3.97,9.16,13.54,2.7
2927507,Santa Bárbara,BA,0.462,0.554,251.87,0.52,43.86,22.23,7.94,10.26,2.7
2927606,Santa Brígida,BA,0.431,0.533,220.77,0.55,51.75,34.08,8.72,4.49,3.2
2927705,Santa Cruz Cabrália,BA,0.571,0.624,388.28,0.58,35.33,15.81,9.13,14,3.3
2927804,Santa Cruz da Vitória,BA,0.504,0.573,282.42,0.54,40.13,24.61,7.39,12,2.9
2927903,Santa Inês,BA,0.47,0.571,280.25,0.48,36.1,28.26,9.89,13.07,2.9
2928000,Santaluz,BA,0.5,0.559,260.09,0.49,38.74,23.37,8.84,10.58,3.5
2928059,Santa Luzia,BA,0.396,0.564,267.88,0.46,35.7,29.89,7.79,7.62,2.4
2928109,Santa Maria da Vitória,BA,0.516,0.592,318.31,0.54,34.68,23.97,8.75,7.35,3.8
2928208,Santana,BA,0.496,0.585,304.18,0.54,38.45,25.72,7.89,11.18,3.2
2928307,Santanópolis,BA,0.496,0.561,263.19,0.52,38.96,24.27,9.37,6.22,2.5
2928406,Santa Rita de Cássia,BA,0.513,0.564,267.32,0.6,46.85,21.04,8.66,6.44,3.4
2928505,Santa Teresinha,BA,0.459,0.549,243.04,0.53,45.32,25.36,7.97,11.36,3.4
2928604,Santo Amaro,BA,0.559,0.626,392.75,0.56,28.8,12.66,8.5,13.92,2.8
2928703,Santo Antônio de Jesus,BA,0.622,0.677,540.38,0.54,17.91,12.35,9,10.82,2.8
2928802,Santo Estêvão,BA,0.498,0.611,358.13,0.56,32.34,21.48,8.59,10.96,2.7
2928901,São Desidério,BA,0.449,0.584,30.22,0.57,40.12,25.55,8.23,5.56,3.7
2928950,São Domingos,BA,0.575,0.601,335.76,0.47,27.18,22.14,9.22,8.08,4.3
2929008,São Félix,BA,0.583,0.582,299.65,0.48,30.6,15.01,9.49,13.28,3
2929057,São Félix do Coribe,BA,0.555,0.601,33.59,0.5,28.94,16.83,9.53,9.2,4
2929107,São Felipe,BA,0.525,0.565,268.96,0.5,38.65,22.64,8.71,7.24,2.6
2929206,São Francisco do Conde,BA,0.587,0.641,433.23,0.5,18.84,1.01,7.91,25.73,3.3
2929255,São Gabriel,BA,0.537,0.55,245.38,0.51,44.5,19.56,9.23,7.02,3.4
2929305,São Gonçalo dos Campos,BA,0.516,0.636,419.27,0.55,23.86,15.03,8.78,12.78,2.7
2929354,São José da Vitória,BA,0.429,0.553,250.42,0.45,38.68,2.81,8.57,11.61,2.7
2929370,São José do Jacuípe,BA,0.417,0.555,253.57,0.46,39.89,28.56,7.72,8.41,2.2
2929404,São Miguel das Matas,BA,0.468,0.568,274.08,0.51,43.78,24.61,8.36,4.22,3.2
2929503,São Sebastião do Passé,BA,0.551,0.633,411.75,0.53,25.77,13.74,8.19,18.2,3
2929602,Sapeaçu,BA,0.522,0.602,338.34,0.58,36.8,15.88,8.23,10.76,2.5
2929701,Sátiro Dias,BA,0.379,0.524,20.82,0.54,52.46,30.37,7.62,5.18,3.2
2929750,Saubara,BA,0.565,0.563,265.17,0.49,39.83,14.62,9.01,10.34,3.2
2929800,Saúde,BA,0.442,0.546,238.81,0.55,48.93,21.74,7.83,15.19,3
2929909,Seabra,BA,0.572,0.588,310.95,0.57,39.46,1.61,9.4,7.53,3.3
2930006,Sebastião Laranjeiras,BA,0.527,0.569,276.29,0.46,35.31,24.78,8.34,5.61,3.1
2930105,Senhor do Bonfim,BA,0.599,0.638,422.89,0.57,30.31,16.31,8.92,12.02,2.8
2930154,Serra do Ramalho,BA,0.512,0.53,216.59,0.53,48.82,24.77,9.23,12.35,3.1
2930204,Sento Sé,BA,0.48,0.535,222.84,0.53,49.51,24.54,8.75,9.02,2.9
2930402,Serra Preta,BA,0.459,0.541,232.52,0.48,42.08,27.72,8.63,9.94,2.7
2930501,Serrinha,BA,0.532,0.615,367.73,0.55,31.96,17.01,8.24,10.48,3
2930600,Serrolândia,BA,0.508,0.56,261.29,0.5,38.82,22.61,9.3,8.92,2.9
2930758,Sítio do Mato,BA,0.509,0.455,135.49,0.59,67.91,20.89,9.68,10.39,2.6
2930766,Sítio do Quinto,BA,0.395,0.552,247.62,0.55,47.71,37.98,9.16,6.21,2.2
2930774,Sobradinho,BA,0.555,0.605,344.74,0.49,27.53,18.35,9.19,12.92,3.6
2930808,Souto Soares,BA,0.53,0.533,220.67,0.54,47.75,20.74,9.06,3.76,3.8
2930907,Tabocas do Brejo Velho,BA,0.492,0.53,21.65,0.54,49.53,29.51,8.66,7.59,3.4
2931004,Tanhaçu,BA,0.44,0.565,268.62,0.5,41.94,25.92,8.34,8.8,3.3
2931053,Tanque Novo,BA,0.474,0.583,301.39,0.6,43.81,27.81,8.82,5.81,3.8
2931202,Taperoá,BA,0.426,0.566,270.97,0.53,44.53,27.21,7.36,5.49,3.3
2931301,Tapiramutá,BA,0.473,0.589,312.39,0.61,44.55,23.61,8.8,14.52,3.4
2931350,Teixeira de Freitas,BA,0.588,0.683,560.73,0.53,15.92,14.65,8.95,11,3.6
2931400,Teodoro Sampaio,BA,0.477,0.567,272.86,0.54,39.63,22.95,8.26,17.15,2.9
2931509,Teofilândia,BA,0.431,0.571,278.91,0.55,41.56,24.94,8.24,5.85,2.8
2931608,Teolândia,BA,0.418,0.541,231.92,0.48,44.84,3.08,6.85,9.3,4
2931707,Terra Nova,BA,0.474,0.581,29.66,0.45,27.59,13.08,8.64,17.61,3
2931806,Tremedal,BA,0.36,0.545,23.73,0.48,42.9,30.61,7.34,11.37,3
2931905,Tucano,BA,0.458,0.596,32.57,0.65,47.22,29.39,8.38,9.14,3.1
2932101,Ubaíra,BA,0.447,0.581,296.48,0.59,43.77,29.91,8.38,7.87,2.7
2932309,Ubatã,BA,0.452,0.586,306.52,0.53,40.02,26.77,7.24,19.07,2.6
2932408,Uibaí,BA,0.54,0.575,286.67,0.53,38.28,16.56,8.74,7.66,3.8
2932457,Umburanas,BA,0.413,0.469,148.15,0.5,59.73,25.36,8.48,20.28,3.6
2932507,Una,BA,0.424,0.584,303.78,0.52,34.41,25.35,7.56,15.39,3.3
2932606,Urandi,BA,0.469,0.595,325.07,0.51,30.41,23.24,8.48,12.52,3
2932705,Uruçuca,BA,0.507,0.607,349.43,0.48,25.88,21.91,8.31,15.43,2.4
2932804,Utinga,BA,0.487,0.597,327.96,0.62,43,20.97,9.6,7.93,3.5
2932903,Valença,BA,0.502,0.619,376.23,0.54,30.24,1.92,8.01,11.38,2.7
2933000,Valente,BA,0.568,0.623,38.53,0.49,21.48,16.14,8.94,6.83,3.3
2933059,Várzea da Roça,BA,0.374,0.539,228.58,0.49,46.33,2.89,7.58,9.87,2.9
2933109,Várzea do Poço,BA,0.462,0.581,296.74,0.5,40.24,2.37,8.88,8.9,2.7
2933158,Várzea Nova,BA,0.46,0.543,234.88,0.5,45.93,23.57,7.93,9.33,3
2933174,Varzedo,BA,0.461,0.581,297.56,0.52,38.23,26.23,8.46,7.77,3.1
2933208,Vera Cruz,BA,0.52,0.632,408.64,0.57,30.59,10.76,8.95,13.3,2.4
2933257,Vereda,BA,0.436,0.568,274.76,0.47,34.32,3.07,7,5.31,3.8
2933307,Vitória da Conquista,BA,0.581,0.681,555.66,0.55,18.07,13.31,8.75,9.6,3.1
2933406,Wagner,BA,0.479,0.573,283.34,0.52,39.77,21.58,8.98,8.85,3
2933455,Wanderley,BA,0.498,0.569,275.76,0.59,47.09,24.77,7.94,9.52,3.2
2933505,Wenceslau Guimarães,BA,0.383,0.558,257.12,0.45,37.03,30.47,7.32,7.62,2.7
2933604,Xique-Xique,BA,0.479,0.563,265.25,0.56,44.21,22.21,8.7,11.85,3.3
